Key,Chord_Progression,ChordName,Voicing,Emotion,Scale,File_Path
Bb,V7-#IVm7b5-IVm7-IIIm7,F7-Em7b5-Ebm7-Dm7,Four-Way Close,"Joyful, Quaint, Cheerful",Ionian,Dataset/Deceptive_Resolution/Primary/V7 - #IVm7b5 - IVm7 - IIIm7/FourWayClose/A#:Bb.mid
A,V7-#IVm7b5-IVm7-IIIm7,E7-Ebm7b5-Dm7-Dbm7,Four-Way Close,"Joyful, Pastoral, Declaration of Love",Ionian,Dataset/Deceptive_Resolution/Primary/V7 - #IVm7b5 - IVm7 - IIIm7/FourWayClose/A.mid
B,V7-#IVm7b5-IVm7-IIIm7,F#7-Fm7b5-Em7-Ebm7,Four-Way Close,"Harsh, Strong, Wild, Rage",Ionian,Dataset/Deceptive_Resolution/Primary/V7 - #IVm7b5 - IVm7 - IIIm7/FourWayClose/B:Cb.mid
Db,V7-#IVm7b5-IVm7-IIIm7,Ab7-Gm7b5-F#m7-Fm7,Four-Way Close,"Grief, Depressive",Ionian,Dataset/Deceptive_Resolution/Primary/V7 - #IVm7b5 - IVm7 - IIIm7/FourWayClose/C#:Db.mid
C,V7-#IVm7b5-IVm7-IIIm7,G7-F#m7b5-Fm7-Em7,Four-Way Close,Innocently Happy,Ionian,Dataset/Deceptive_Resolution/Primary/V7 - #IVm7b5 - IVm7 - IIIm7/FourWayClose/C:B#.mid
Eb,V7-#IVm7b5-IVm7-IIIm7,Bb7-Am7b5-Abm7-Gm7,Four-Way Close,"Cruel, Hard, Yet Full of Devotion",Ionian,Dataset/Deceptive_Resolution/Primary/V7 - #IVm7b5 - IVm7 - IIIm7/FourWayClose/D#:Eb.mid
D,V7-#IVm7b5-IVm7-IIIm7,A7-Abm7b5-Gm7-F#m7,Four-Way Close,"Triumphant, Victorious War-Cries",Ionian,Dataset/Deceptive_Resolution/Primary/V7 - #IVm7b5 - IVm7 - IIIm7/FourWayClose/D.mid
E,V7-#IVm7b5-IVm7-IIIm7,B7-Bbm7b5-Am7-Abm7,Four-Way Close,"Quarrelsome, Boisterous, Incomplete Pleasure",Ionian,Dataset/Deceptive_Resolution/Primary/V7 - #IVm7b5 - IVm7 - IIIm7/FourWayClose/E:Fb.mid
F#,V7-#IVm7b5-IVm7-IIIm7,Db7-Cm7b5-Bm7-Bbm7,Four-Way Close,"Conquering Difficulties, Sighs of Relief",Ionian,Dataset/Deceptive_Resolution/Primary/V7 - #IVm7b5 - IVm7 - IIIm7/FourWayClose/F#:Gb.mid
F,V7-#IVm7b5-IVm7-IIIm7,C7-Bm7b5-Bbm7-Am7,Four-Way Close,"Furious, Quick-Tempered, Passing Regret",Ionian,Dataset/Deceptive_Resolution/Primary/V7 - #IVm7b5 - IVm7 - IIIm7/FourWayClose/F:E#.mid
Ab,V7-#IVm7b5-IVm7-IIIm7,Eb7-Dm7b5-Dbm7-Cm7,Four-Way Close,"Death, Eternity, Judgement",Ionian,Dataset/Deceptive_Resolution/Primary/V7 - #IVm7b5 - IVm7 - IIIm7/FourWayClose/G#:Ab.mid
G,V7-#IVm7b5-IVm7-IIIm7,D7-Dbm7b5-Cm7-Bm7,Four-Way Close,"Serious, Magnificent, Fantasy",Ionian,Dataset/Deceptive_Resolution/Primary/V7 - #IVm7b5 - IVm7 - IIIm7/FourWayClose/G.mid
Bb,V7-#IVm7b5-IVm7-IIIm7,F7-Em7b5-Ebm7-Dm7,Drop 2,"Joyful, Quaint, Cheerful",Ionian,Dataset/Deceptive_Resolution/Primary/V7 - #IVm7b5 - IVm7 - IIIm7/DropTwo/A#:Bb.mid
A,V7-#IVm7b5-IVm7-IIIm7,E7-Ebm7b5-Dm7-Dbm7,Drop 2,"Joyful, Pastoral, Declaration of Love",Ionian,Dataset/Deceptive_Resolution/Primary/V7 - #IVm7b5 - IVm7 - IIIm7/DropTwo/A.mid
B,V7-#IVm7b5-IVm7-IIIm7,F#7-Fm7b5-Em7-Ebm7,Drop 2,"Harsh, Strong, Wild, Rage",Ionian,Dataset/Deceptive_Resolution/Primary/V7 - #IVm7b5 - IVm7 - IIIm7/DropTwo/B:Cb.mid
Db,V7-#IVm7b5-IVm7-IIIm7,Ab7-Gm7b5-F#m7-Fm7,Drop 2,"Grief, Depressive",Ionian,Dataset/Deceptive_Resolution/Primary/V7 - #IVm7b5 - IVm7 - IIIm7/DropTwo/C#:Db.mid
C,V7-#IVm7b5-IVm7-IIIm7,G7-F#m7b5-Fm7-Em7,Drop 2,Innocently Happy,Ionian,Dataset/Deceptive_Resolution/Primary/V7 - #IVm7b5 - IVm7 - IIIm7/DropTwo/C:B#.mid
Eb,V7-#IVm7b5-IVm7-IIIm7,Bb7-Am7b5-Abm7-Gm7,Drop 2,"Cruel, Hard, Yet Full of Devotion",Ionian,Dataset/Deceptive_Resolution/Primary/V7 - #IVm7b5 - IVm7 - IIIm7/DropTwo/D#:Eb.mid
D,V7-#IVm7b5-IVm7-IIIm7,A7-Abm7b5-Gm7-F#m7,Drop 2,"Triumphant, Victorious War-Cries",Ionian,Dataset/Deceptive_Resolution/Primary/V7 - #IVm7b5 - IVm7 - IIIm7/DropTwo/D.mid
E,V7-#IVm7b5-IVm7-IIIm7,B7-Bbm7b5-Am7-Abm7,Drop 2,"Quarrelsome, Boisterous, Incomplete Pleasure",Ionian,Dataset/Deceptive_Resolution/Primary/V7 - #IVm7b5 - IVm7 - IIIm7/DropTwo/E:Fb.mid
F#,V7-#IVm7b5-IVm7-IIIm7,Db7-Cm7b5-Bm7-Bbm7,Drop 2,"Conquering Difficulties, Sighs of Relief",Ionian,Dataset/Deceptive_Resolution/Primary/V7 - #IVm7b5 - IVm7 - IIIm7/DropTwo/F#:Gb.mid
F,V7-#IVm7b5-IVm7-IIIm7,C7-Bm7b5-Bbm7-Am7,Drop 2,"Furious, Quick-Tempered, Passing Regret",Ionian,Dataset/Deceptive_Resolution/Primary/V7 - #IVm7b5 - IVm7 - IIIm7/DropTwo/F:E#.mid
Ab,V7-#IVm7b5-IVm7-IIIm7,Eb7-Dm7b5-Dbm7-Cm7,Drop 2,"Death, Eternity, Judgement",Ionian,Dataset/Deceptive_Resolution/Primary/V7 - #IVm7b5 - IVm7 - IIIm7/DropTwo/G#:Ab.mid
G,V7-#IVm7b5-IVm7-IIIm7,D7-Dbm7b5-Cm7-Bm7,Drop 2,"Serious, Magnificent, Fantasy",Ionian,Dataset/Deceptive_Resolution/Primary/V7 - #IVm7b5 - IVm7 - IIIm7/DropTwo/G.mid
Bb,V7-#IVm7b5-IVm7-IIIm7,F7-Em7b5-Ebm7-Dm7,Drop 2+4,"Joyful, Quaint, Cheerful",Ionian,Dataset/Deceptive_Resolution/Primary/V7 - #IVm7b5 - IVm7 - IIIm7/DropTwoFour/A#:Bb.mid
A,V7-#IVm7b5-IVm7-IIIm7,E7-Ebm7b5-Dm7-Dbm7,Drop 2+4,"Joyful, Pastoral, Declaration of Love",Ionian,Dataset/Deceptive_Resolution/Primary/V7 - #IVm7b5 - IVm7 - IIIm7/DropTwoFour/A.mid
B,V7-#IVm7b5-IVm7-IIIm7,F#7-Fm7b5-Em7-Ebm7,Drop 2+4,"Harsh, Strong, Wild, Rage",Ionian,Dataset/Deceptive_Resolution/Primary/V7 - #IVm7b5 - IVm7 - IIIm7/DropTwoFour/B:Cb.mid
Db,V7-#IVm7b5-IVm7-IIIm7,Ab7-Gm7b5-F#m7-Fm7,Drop 2+4,"Grief, Depressive",Ionian,Dataset/Deceptive_Resolution/Primary/V7 - #IVm7b5 - IVm7 - IIIm7/DropTwoFour/C#:Db.mid
C,V7-#IVm7b5-IVm7-IIIm7,G7-F#m7b5-Fm7-Em7,Drop 2+4,Innocently Happy,Ionian,Dataset/Deceptive_Resolution/Primary/V7 - #IVm7b5 - IVm7 - IIIm7/DropTwoFour/C:B#.mid
Eb,V7-#IVm7b5-IVm7-IIIm7,Bb7-Am7b5-Abm7-Gm7,Drop 2+4,"Cruel, Hard, Yet Full of Devotion",Ionian,Dataset/Deceptive_Resolution/Primary/V7 - #IVm7b5 - IVm7 - IIIm7/DropTwoFour/D#:Eb.mid
D,V7-#IVm7b5-IVm7-IIIm7,A7-Abm7b5-Gm7-F#m7,Drop 2+4,"Triumphant, Victorious War-Cries",Ionian,Dataset/Deceptive_Resolution/Primary/V7 - #IVm7b5 - IVm7 - IIIm7/DropTwoFour/D.mid
E,V7-#IVm7b5-IVm7-IIIm7,B7-Bbm7b5-Am7-Abm7,Drop 2+4,"Quarrelsome, Boisterous, Incomplete Pleasure",Ionian,Dataset/Deceptive_Resolution/Primary/V7 - #IVm7b5 - IVm7 - IIIm7/DropTwoFour/E:Fb.mid
F#,V7-#IVm7b5-IVm7-IIIm7,Db7-Cm7b5-Bm7-Bbm7,Drop 2+4,"Conquering Difficulties, Sighs of Relief",Ionian,Dataset/Deceptive_Resolution/Primary/V7 - #IVm7b5 - IVm7 - IIIm7/DropTwoFour/F#:Gb.mid
F,V7-#IVm7b5-IVm7-IIIm7,C7-Bm7b5-Bbm7-Am7,Drop 2+4,"Furious, Quick-Tempered, Passing Regret",Ionian,Dataset/Deceptive_Resolution/Primary/V7 - #IVm7b5 - IVm7 - IIIm7/DropTwoFour/F:E#.mid
Ab,V7-#IVm7b5-IVm7-IIIm7,Eb7-Dm7b5-Dbm7-Cm7,Drop 2+4,"Death, Eternity, Judgement",Ionian,Dataset/Deceptive_Resolution/Primary/V7 - #IVm7b5 - IVm7 - IIIm7/DropTwoFour/G#:Ab.mid
G,V7-#IVm7b5-IVm7-IIIm7,D7-Dbm7b5-Cm7-Bm7,Drop 2+4,"Serious, Magnificent, Fantasy",Ionian,Dataset/Deceptive_Resolution/Primary/V7 - #IVm7b5 - IVm7 - IIIm7/DropTwoFour/G.mid
Bb,V7-#IVm7b5-IVm7-IIIm7,F7-Em7b5-Ebm7-Dm7,Drop 3,"Joyful, Quaint, Cheerful",Ionian,Dataset/Deceptive_Resolution/Primary/V7 - #IVm7b5 - IVm7 - IIIm7/DropThree/A#:Bb.mid
A,V7-#IVm7b5-IVm7-IIIm7,E7-Ebm7b5-Dm7-Dbm7,Drop 3,"Joyful, Pastoral, Declaration of Love",Ionian,Dataset/Deceptive_Resolution/Primary/V7 - #IVm7b5 - IVm7 - IIIm7/DropThree/A.mid
B,V7-#IVm7b5-IVm7-IIIm7,F#7-Fm7b5-Em7-Ebm7,Drop 3,"Harsh, Strong, Wild, Rage",Ionian,Dataset/Deceptive_Resolution/Primary/V7 - #IVm7b5 - IVm7 - IIIm7/DropThree/B:Cb.mid
Db,V7-#IVm7b5-IVm7-IIIm7,Ab7-Gm7b5-F#m7-Fm7,Drop 3,"Grief, Depressive",Ionian,Dataset/Deceptive_Resolution/Primary/V7 - #IVm7b5 - IVm7 - IIIm7/DropThree/C#:Db.mid
C,V7-#IVm7b5-IVm7-IIIm7,G7-F#m7b5-Fm7-Em7,Drop 3,Innocently Happy,Ionian,Dataset/Deceptive_Resolution/Primary/V7 - #IVm7b5 - IVm7 - IIIm7/DropThree/C:B#.mid
Eb,V7-#IVm7b5-IVm7-IIIm7,Bb7-Am7b5-Abm7-Gm7,Drop 3,"Cruel, Hard, Yet Full of Devotion",Ionian,Dataset/Deceptive_Resolution/Primary/V7 - #IVm7b5 - IVm7 - IIIm7/DropThree/D#:Eb.mid
D,V7-#IVm7b5-IVm7-IIIm7,A7-Abm7b5-Gm7-F#m7,Drop 3,"Triumphant, Victorious War-Cries",Ionian,Dataset/Deceptive_Resolution/Primary/V7 - #IVm7b5 - IVm7 - IIIm7/DropThree/D.mid
E,V7-#IVm7b5-IVm7-IIIm7,B7-Bbm7b5-Am7-Abm7,Drop 3,"Quarrelsome, Boisterous, Incomplete Pleasure",Ionian,Dataset/Deceptive_Resolution/Primary/V7 - #IVm7b5 - IVm7 - IIIm7/DropThree/E:Fb.mid
F#,V7-#IVm7b5-IVm7-IIIm7,Db7-Cm7b5-Bm7-Bbm7,Drop 3,"Conquering Difficulties, Sighs of Relief",Ionian,Dataset/Deceptive_Resolution/Primary/V7 - #IVm7b5 - IVm7 - IIIm7/DropThree/F#:Gb.mid
F,V7-#IVm7b5-IVm7-IIIm7,C7-Bm7b5-Bbm7-Am7,Drop 3,"Furious, Quick-Tempered, Passing Regret",Ionian,Dataset/Deceptive_Resolution/Primary/V7 - #IVm7b5 - IVm7 - IIIm7/DropThree/F:E#.mid
Ab,V7-#IVm7b5-IVm7-IIIm7,Eb7-Dm7b5-Dbm7-Cm7,Drop 3,"Death, Eternity, Judgement",Ionian,Dataset/Deceptive_Resolution/Primary/V7 - #IVm7b5 - IVm7 - IIIm7/DropThree/G#:Ab.mid
G,V7-#IVm7b5-IVm7-IIIm7,D7-Dbm7b5-Cm7-Bm7,Drop 3,"Serious, Magnificent, Fantasy",Ionian,Dataset/Deceptive_Resolution/Primary/V7 - #IVm7b5 - IVm7 - IIIm7/DropThree/G.mid
Bb,V7-IIIm7,F7-Dm7,Four-Way Close,"Joyful, Quaint, Cheerful",Ionian,Dataset/Deceptive_Resolution/Primary/V7 - IIIm7/FourWayClose/A#:Bb.mid
A,V7-IIIm7,E7-Dbm7,Four-Way Close,"Joyful, Pastoral, Declaration of Love",Ionian,Dataset/Deceptive_Resolution/Primary/V7 - IIIm7/FourWayClose/A.mid
B,V7-IIIm7,F#7-Ebm7,Four-Way Close,"Harsh, Strong, Wild, Rage",Ionian,Dataset/Deceptive_Resolution/Primary/V7 - IIIm7/FourWayClose/B:Cb.mid
Db,V7-IIIm7,Ab7-Fm7,Four-Way Close,"Grief, Depressive",Ionian,Dataset/Deceptive_Resolution/Primary/V7 - IIIm7/FourWayClose/C#:Db.mid
C,V7-IIIm7,G7-Em7,Four-Way Close,Innocently Happy,Ionian,Dataset/Deceptive_Resolution/Primary/V7 - IIIm7/FourWayClose/C:B#.mid
Eb,V7-IIIm7,Bb7-Gm7,Four-Way Close,"Cruel, Hard, Yet Full of Devotion",Ionian,Dataset/Deceptive_Resolution/Primary/V7 - IIIm7/FourWayClose/D#:Eb.mid
D,V7-IIIm7,A7-F#m7,Four-Way Close,"Triumphant, Victorious War-Cries",Ionian,Dataset/Deceptive_Resolution/Primary/V7 - IIIm7/FourWayClose/D.mid
E,V7-IIIm7,B7-Abm7,Four-Way Close,"Quarrelsome, Boisterous, Incomplete Pleasure",Ionian,Dataset/Deceptive_Resolution/Primary/V7 - IIIm7/FourWayClose/E:Fb.mid
F#,V7-IIIm7,Db7-Bbm7,Four-Way Close,"Conquering Difficulties, Sighs of Relief",Ionian,Dataset/Deceptive_Resolution/Primary/V7 - IIIm7/FourWayClose/F#:Gb.mid
F,V7-IIIm7,C7-Am7,Four-Way Close,"Furious, Quick-Tempered, Passing Regret",Ionian,Dataset/Deceptive_Resolution/Primary/V7 - IIIm7/FourWayClose/F:E#.mid
Ab,V7-IIIm7,Eb7-Cm7,Four-Way Close,"Death, Eternity, Judgement",Ionian,Dataset/Deceptive_Resolution/Primary/V7 - IIIm7/FourWayClose/G#:Ab.mid
G,V7-IIIm7,D7-Bm7,Four-Way Close,"Serious, Magnificent, Fantasy",Ionian,Dataset/Deceptive_Resolution/Primary/V7 - IIIm7/FourWayClose/G.mid
Bb,V7-IIIm7,F7-Dm7,Drop 2,"Joyful, Quaint, Cheerful",Ionian,Dataset/Deceptive_Resolution/Primary/V7 - IIIm7/DropTwo/A#:Bb.mid
A,V7-IIIm7,E7-Dbm7,Drop 2,"Joyful, Pastoral, Declaration of Love",Ionian,Dataset/Deceptive_Resolution/Primary/V7 - IIIm7/DropTwo/A.mid
B,V7-IIIm7,F#7-Ebm7,Drop 2,"Harsh, Strong, Wild, Rage",Ionian,Dataset/Deceptive_Resolution/Primary/V7 - IIIm7/DropTwo/B:Cb.mid
Db,V7-IIIm7,Ab7-Fm7,Drop 2,"Grief, Depressive",Ionian,Dataset/Deceptive_Resolution/Primary/V7 - IIIm7/DropTwo/C#:Db.mid
C,V7-IIIm7,G7-Em7,Drop 2,Innocently Happy,Ionian,Dataset/Deceptive_Resolution/Primary/V7 - IIIm7/DropTwo/C:B#.mid
Eb,V7-IIIm7,Bb7-Gm7,Drop 2,"Cruel, Hard, Yet Full of Devotion",Ionian,Dataset/Deceptive_Resolution/Primary/V7 - IIIm7/DropTwo/D#:Eb.mid
D,V7-IIIm7,A7-F#m7,Drop 2,"Triumphant, Victorious War-Cries",Ionian,Dataset/Deceptive_Resolution/Primary/V7 - IIIm7/DropTwo/D.mid
E,V7-IIIm7,B7-Abm7,Drop 2,"Quarrelsome, Boisterous, Incomplete Pleasure",Ionian,Dataset/Deceptive_Resolution/Primary/V7 - IIIm7/DropTwo/E:Fb.mid
F#,V7-IIIm7,Db7-Bbm7,Drop 2,"Conquering Difficulties, Sighs of Relief",Ionian,Dataset/Deceptive_Resolution/Primary/V7 - IIIm7/DropTwo/F#:Gb.mid
F,V7-IIIm7,C7-Am7,Drop 2,"Furious, Quick-Tempered, Passing Regret",Ionian,Dataset/Deceptive_Resolution/Primary/V7 - IIIm7/DropTwo/F:E#.mid
Ab,V7-IIIm7,Eb7-Cm7,Drop 2,"Death, Eternity, Judgement",Ionian,Dataset/Deceptive_Resolution/Primary/V7 - IIIm7/DropTwo/G#:Ab.mid
G,V7-IIIm7,D7-Bm7,Drop 2,"Serious, Magnificent, Fantasy",Ionian,Dataset/Deceptive_Resolution/Primary/V7 - IIIm7/DropTwo/G.mid
Bb,V7-IIIm7,F7-Dm7,Drop 2+4,"Joyful, Quaint, Cheerful",Ionian,Dataset/Deceptive_Resolution/Primary/V7 - IIIm7/DropTwoFour/A#:Bb.mid
A,V7-IIIm7,E7-Dbm7,Drop 2+4,"Joyful, Pastoral, Declaration of Love",Ionian,Dataset/Deceptive_Resolution/Primary/V7 - IIIm7/DropTwoFour/A.mid
B,V7-IIIm7,F#7-Ebm7,Drop 2+4,"Harsh, Strong, Wild, Rage",Ionian,Dataset/Deceptive_Resolution/Primary/V7 - IIIm7/DropTwoFour/B:Cb.mid
Db,V7-IIIm7,Ab7-Fm7,Drop 2+4,"Grief, Depressive",Ionian,Dataset/Deceptive_Resolution/Primary/V7 - IIIm7/DropTwoFour/C#:Db.mid
C,V7-IIIm7,G7-Em7,Drop 2+4,Innocently Happy,Ionian,Dataset/Deceptive_Resolution/Primary/V7 - IIIm7/DropTwoFour/C:B#.mid
Eb,V7-IIIm7,Bb7-Gm7,Drop 2+4,"Cruel, Hard, Yet Full of Devotion",Ionian,Dataset/Deceptive_Resolution/Primary/V7 - IIIm7/DropTwoFour/D#:Eb.mid
D,V7-IIIm7,A7-F#m7,Drop 2+4,"Triumphant, Victorious War-Cries",Ionian,Dataset/Deceptive_Resolution/Primary/V7 - IIIm7/DropTwoFour/D.mid
E,V7-IIIm7,B7-Abm7,Drop 2+4,"Quarrelsome, Boisterous, Incomplete Pleasure",Ionian,Dataset/Deceptive_Resolution/Primary/V7 - IIIm7/DropTwoFour/E:Fb.mid
F#,V7-IIIm7,Db7-Bbm7,Drop 2+4,"Conquering Difficulties, Sighs of Relief",Ionian,Dataset/Deceptive_Resolution/Primary/V7 - IIIm7/DropTwoFour/F#:Gb.mid
F,V7-IIIm7,C7-Am7,Drop 2+4,"Furious, Quick-Tempered, Passing Regret",Ionian,Dataset/Deceptive_Resolution/Primary/V7 - IIIm7/DropTwoFour/F:E#.mid
Ab,V7-IIIm7,Eb7-Cm7,Drop 2+4,"Death, Eternity, Judgement",Ionian,Dataset/Deceptive_Resolution/Primary/V7 - IIIm7/DropTwoFour/G#:Ab.mid
G,V7-IIIm7,D7-Bm7,Drop 2+4,"Serious, Magnificent, Fantasy",Ionian,Dataset/Deceptive_Resolution/Primary/V7 - IIIm7/DropTwoFour/G.mid
Bb,V7-IIIm7,F7-Dm7,Drop 3,"Joyful, Quaint, Cheerful",Ionian,Dataset/Deceptive_Resolution/Primary/V7 - IIIm7/DropThree/A#:Bb.mid
A,V7-IIIm7,E7-Dbm7,Drop 3,"Joyful, Pastoral, Declaration of Love",Ionian,Dataset/Deceptive_Resolution/Primary/V7 - IIIm7/DropThree/A.mid
B,V7-IIIm7,F#7-Ebm7,Drop 3,"Harsh, Strong, Wild, Rage",Ionian,Dataset/Deceptive_Resolution/Primary/V7 - IIIm7/DropThree/B:Cb.mid
Db,V7-IIIm7,Ab7-Fm7,Drop 3,"Grief, Depressive",Ionian,Dataset/Deceptive_Resolution/Primary/V7 - IIIm7/DropThree/C#:Db.mid
C,V7-IIIm7,G7-Em7,Drop 3,Innocently Happy,Ionian,Dataset/Deceptive_Resolution/Primary/V7 - IIIm7/DropThree/C:B#.mid
Eb,V7-IIIm7,Bb7-Gm7,Drop 3,"Cruel, Hard, Yet Full of Devotion",Ionian,Dataset/Deceptive_Resolution/Primary/V7 - IIIm7/DropThree/D#:Eb.mid
D,V7-IIIm7,A7-F#m7,Drop 3,"Triumphant, Victorious War-Cries",Ionian,Dataset/Deceptive_Resolution/Primary/V7 - IIIm7/DropThree/D.mid
E,V7-IIIm7,B7-Abm7,Drop 3,"Quarrelsome, Boisterous, Incomplete Pleasure",Ionian,Dataset/Deceptive_Resolution/Primary/V7 - IIIm7/DropThree/E:Fb.mid
F#,V7-IIIm7,Db7-Bbm7,Drop 3,"Conquering Difficulties, Sighs of Relief",Ionian,Dataset/Deceptive_Resolution/Primary/V7 - IIIm7/DropThree/F#:Gb.mid
F,V7-IIIm7,C7-Am7,Drop 3,"Furious, Quick-Tempered, Passing Regret",Ionian,Dataset/Deceptive_Resolution/Primary/V7 - IIIm7/DropThree/F:E#.mid
Ab,V7-IIIm7,Eb7-Cm7,Drop 3,"Death, Eternity, Judgement",Ionian,Dataset/Deceptive_Resolution/Primary/V7 - IIIm7/DropThree/G#:Ab.mid
G,V7-IIIm7,D7-Bm7,Drop 3,"Serious, Magnificent, Fantasy",Ionian,Dataset/Deceptive_Resolution/Primary/V7 - IIIm7/DropThree/G.mid
Bb,V7-VIm7,F7-Gm7,Four-Way Close,"Joyful, Quaint, Cheerful",Ionian,Dataset/Deceptive_Resolution/Primary/V7 - VIm7/FourWayClose/A#:Bb.mid
A,V7-VIm7,E7-F#m7,Four-Way Close,"Joyful, Pastoral, Declaration of Love",Ionian,Dataset/Deceptive_Resolution/Primary/V7 - VIm7/FourWayClose/A.mid
B,V7-VIm7,F#7-Abm7,Four-Way Close,"Harsh, Strong, Wild, Rage",Ionian,Dataset/Deceptive_Resolution/Primary/V7 - VIm7/FourWayClose/B:Cb.mid
Db,V7-VIm7,Ab7-Bbm7,Four-Way Close,"Grief, Depressive",Ionian,Dataset/Deceptive_Resolution/Primary/V7 - VIm7/FourWayClose/C#:Db.mid
C,V7-VIm7,G7-Am7,Four-Way Close,Innocently Happy,Ionian,Dataset/Deceptive_Resolution/Primary/V7 - VIm7/FourWayClose/C:B#.mid
Eb,V7-VIm7,Bb7-Cm7,Four-Way Close,"Cruel, Hard, Yet Full of Devotion",Ionian,Dataset/Deceptive_Resolution/Primary/V7 - VIm7/FourWayClose/D#:Eb.mid
D,V7-VIm7,A7-Bm7,Four-Way Close,"Triumphant, Victorious War-Cries",Ionian,Dataset/Deceptive_Resolution/Primary/V7 - VIm7/FourWayClose/D.mid
E,V7-VIm7,B7-Dbm7,Four-Way Close,"Quarrelsome, Boisterous, Incomplete Pleasure",Ionian,Dataset/Deceptive_Resolution/Primary/V7 - VIm7/FourWayClose/E:Fb.mid
F#,V7-VIm7,Db7-Ebm7,Four-Way Close,"Conquering Difficulties, Sighs of Relief",Ionian,Dataset/Deceptive_Resolution/Primary/V7 - VIm7/FourWayClose/F#:Gb.mid
F,V7-VIm7,C7-Dm7,Four-Way Close,"Furious, Quick-Tempered, Passing Regret",Ionian,Dataset/Deceptive_Resolution/Primary/V7 - VIm7/FourWayClose/F:E#.mid
Ab,V7-VIm7,Eb7-Fm7,Four-Way Close,"Death, Eternity, Judgement",Ionian,Dataset/Deceptive_Resolution/Primary/V7 - VIm7/FourWayClose/G#:Ab.mid
G,V7-VIm7,D7-Em7,Four-Way Close,"Serious, Magnificent, Fantasy",Ionian,Dataset/Deceptive_Resolution/Primary/V7 - VIm7/FourWayClose/G.mid
Bb,V7-VIm7,F7-Gm7,Drop 2,"Joyful, Quaint, Cheerful",Ionian,Dataset/Deceptive_Resolution/Primary/V7 - VIm7/DropTwo/A#:Bb.mid
A,V7-VIm7,E7-F#m7,Drop 2,"Joyful, Pastoral, Declaration of Love",Ionian,Dataset/Deceptive_Resolution/Primary/V7 - VIm7/DropTwo/A.mid
B,V7-VIm7,F#7-Abm7,Drop 2,"Harsh, Strong, Wild, Rage",Ionian,Dataset/Deceptive_Resolution/Primary/V7 - VIm7/DropTwo/B:Cb.mid
Db,V7-VIm7,Ab7-Bbm7,Drop 2,"Grief, Depressive",Ionian,Dataset/Deceptive_Resolution/Primary/V7 - VIm7/DropTwo/C#:Db.mid
C,V7-VIm7,G7-Am7,Drop 2,Innocently Happy,Ionian,Dataset/Deceptive_Resolution/Primary/V7 - VIm7/DropTwo/C:B#.mid
Eb,V7-VIm7,Bb7-Cm7,Drop 2,"Cruel, Hard, Yet Full of Devotion",Ionian,Dataset/Deceptive_Resolution/Primary/V7 - VIm7/DropTwo/D#:Eb.mid
D,V7-VIm7,A7-Bm7,Drop 2,"Triumphant, Victorious War-Cries",Ionian,Dataset/Deceptive_Resolution/Primary/V7 - VIm7/DropTwo/D.mid
E,V7-VIm7,B7-Dbm7,Drop 2,"Quarrelsome, Boisterous, Incomplete Pleasure",Ionian,Dataset/Deceptive_Resolution/Primary/V7 - VIm7/DropTwo/E:Fb.mid
F#,V7-VIm7,Db7-Ebm7,Drop 2,"Conquering Difficulties, Sighs of Relief",Ionian,Dataset/Deceptive_Resolution/Primary/V7 - VIm7/DropTwo/F#:Gb.mid
F,V7-VIm7,C7-Dm7,Drop 2,"Furious, Quick-Tempered, Passing Regret",Ionian,Dataset/Deceptive_Resolution/Primary/V7 - VIm7/DropTwo/F:E#.mid
Ab,V7-VIm7,Eb7-Fm7,Drop 2,"Death, Eternity, Judgement",Ionian,Dataset/Deceptive_Resolution/Primary/V7 - VIm7/DropTwo/G#:Ab.mid
G,V7-VIm7,D7-Em7,Drop 2,"Serious, Magnificent, Fantasy",Ionian,Dataset/Deceptive_Resolution/Primary/V7 - VIm7/DropTwo/G.mid
Bb,V7-VIm7,F7-Gm7,Drop 2+4,"Joyful, Quaint, Cheerful",Ionian,Dataset/Deceptive_Resolution/Primary/V7 - VIm7/DropTwoFour/A#:Bb.mid
A,V7-VIm7,E7-F#m7,Drop 2+4,"Joyful, Pastoral, Declaration of Love",Ionian,Dataset/Deceptive_Resolution/Primary/V7 - VIm7/DropTwoFour/A.mid
B,V7-VIm7,F#7-Abm7,Drop 2+4,"Harsh, Strong, Wild, Rage",Ionian,Dataset/Deceptive_Resolution/Primary/V7 - VIm7/DropTwoFour/B:Cb.mid
Db,V7-VIm7,Ab7-Bbm7,Drop 2+4,"Grief, Depressive",Ionian,Dataset/Deceptive_Resolution/Primary/V7 - VIm7/DropTwoFour/C#:Db.mid
C,V7-VIm7,G7-Am7,Drop 2+4,Innocently Happy,Ionian,Dataset/Deceptive_Resolution/Primary/V7 - VIm7/DropTwoFour/C:B#.mid
Eb,V7-VIm7,Bb7-Cm7,Drop 2+4,"Cruel, Hard, Yet Full of Devotion",Ionian,Dataset/Deceptive_Resolution/Primary/V7 - VIm7/DropTwoFour/D#:Eb.mid
D,V7-VIm7,A7-Bm7,Drop 2+4,"Triumphant, Victorious War-Cries",Ionian,Dataset/Deceptive_Resolution/Primary/V7 - VIm7/DropTwoFour/D.mid
E,V7-VIm7,B7-Dbm7,Drop 2+4,"Quarrelsome, Boisterous, Incomplete Pleasure",Ionian,Dataset/Deceptive_Resolution/Primary/V7 - VIm7/DropTwoFour/E:Fb.mid
F#,V7-VIm7,Db7-Ebm7,Drop 2+4,"Conquering Difficulties, Sighs of Relief",Ionian,Dataset/Deceptive_Resolution/Primary/V7 - VIm7/DropTwoFour/F#:Gb.mid
F,V7-VIm7,C7-Dm7,Drop 2+4,"Furious, Quick-Tempered, Passing Regret",Ionian,Dataset/Deceptive_Resolution/Primary/V7 - VIm7/DropTwoFour/F:E#.mid
Ab,V7-VIm7,Eb7-Fm7,Drop 2+4,"Death, Eternity, Judgement",Ionian,Dataset/Deceptive_Resolution/Primary/V7 - VIm7/DropTwoFour/G#:Ab.mid
G,V7-VIm7,D7-Em7,Drop 2+4,"Serious, Magnificent, Fantasy",Ionian,Dataset/Deceptive_Resolution/Primary/V7 - VIm7/DropTwoFour/G.mid
Bb,V7-VIm7,F7-Gm7,Drop 3,"Joyful, Quaint, Cheerful",Ionian,Dataset/Deceptive_Resolution/Primary/V7 - VIm7/DropThree/A#:Bb.mid
A,V7-VIm7,E7-F#m7,Drop 3,"Joyful, Pastoral, Declaration of Love",Ionian,Dataset/Deceptive_Resolution/Primary/V7 - VIm7/DropThree/A.mid
B,V7-VIm7,F#7-Abm7,Drop 3,"Harsh, Strong, Wild, Rage",Ionian,Dataset/Deceptive_Resolution/Primary/V7 - VIm7/DropThree/B:Cb.mid
Db,V7-VIm7,Ab7-Bbm7,Drop 3,"Grief, Depressive",Ionian,Dataset/Deceptive_Resolution/Primary/V7 - VIm7/DropThree/C#:Db.mid
C,V7-VIm7,G7-Am7,Drop 3,Innocently Happy,Ionian,Dataset/Deceptive_Resolution/Primary/V7 - VIm7/DropThree/C:B#.mid
Eb,V7-VIm7,Bb7-Cm7,Drop 3,"Cruel, Hard, Yet Full of Devotion",Ionian,Dataset/Deceptive_Resolution/Primary/V7 - VIm7/DropThree/D#:Eb.mid
D,V7-VIm7,A7-Bm7,Drop 3,"Triumphant, Victorious War-Cries",Ionian,Dataset/Deceptive_Resolution/Primary/V7 - VIm7/DropThree/D.mid
E,V7-VIm7,B7-Dbm7,Drop 3,"Quarrelsome, Boisterous, Incomplete Pleasure",Ionian,Dataset/Deceptive_Resolution/Primary/V7 - VIm7/DropThree/E:Fb.mid
F#,V7-VIm7,Db7-Ebm7,Drop 3,"Conquering Difficulties, Sighs of Relief",Ionian,Dataset/Deceptive_Resolution/Primary/V7 - VIm7/DropThree/F#:Gb.mid
F,V7-VIm7,C7-Dm7,Drop 3,"Furious, Quick-Tempered, Passing Regret",Ionian,Dataset/Deceptive_Resolution/Primary/V7 - VIm7/DropThree/F:E#.mid
Ab,V7-VIm7,Eb7-Fm7,Drop 3,"Death, Eternity, Judgement",Ionian,Dataset/Deceptive_Resolution/Primary/V7 - VIm7/DropThree/G#:Ab.mid
G,V7-VIm7,D7-Em7,Drop 3,"Serious, Magnificent, Fantasy",Ionian,Dataset/Deceptive_Resolution/Primary/V7 - VIm7/DropThree/G.mid
Bb,V7-bIIImaj7,F7-Dbmaj7,Four-Way Close,"Joyful, Quaint, Cheerful",Ionian,Dataset/Deceptive_Resolution/Primary/V7 - bIIImaj7/FourWayClose/A#:Bb.mid
A,V7-bIIImaj7,E7-Cmaj7,Four-Way Close,"Joyful, Pastoral, Declaration of Love",Ionian,Dataset/Deceptive_Resolution/Primary/V7 - bIIImaj7/FourWayClose/A.mid
B,V7-bIIImaj7,F#7-Dmaj7,Four-Way Close,"Harsh, Strong, Wild, Rage",Ionian,Dataset/Deceptive_Resolution/Primary/V7 - bIIImaj7/FourWayClose/B:Cb.mid
Db,V7-bIIImaj7,Ab7-Emaj7,Four-Way Close,"Grief, Depressive",Ionian,Dataset/Deceptive_Resolution/Primary/V7 - bIIImaj7/FourWayClose/C#:Db.mid
C,V7-bIIImaj7,G7-Ebmaj7,Four-Way Close,Innocently Happy,Ionian,Dataset/Deceptive_Resolution/Primary/V7 - bIIImaj7/FourWayClose/C:B#.mid
Eb,V7-bIIImaj7,Bb7-F#maj7,Four-Way Close,"Cruel, Hard, Yet Full of Devotion",Ionian,Dataset/Deceptive_Resolution/Primary/V7 - bIIImaj7/FourWayClose/D#:Eb.mid
D,V7-bIIImaj7,A7-Fmaj7,Four-Way Close,"Triumphant, Victorious War-Cries",Ionian,Dataset/Deceptive_Resolution/Primary/V7 - bIIImaj7/FourWayClose/D.mid
E,V7-bIIImaj7,B7-Gmaj7,Four-Way Close,"Quarrelsome, Boisterous, Incomplete Pleasure",Ionian,Dataset/Deceptive_Resolution/Primary/V7 - bIIImaj7/FourWayClose/E:Fb.mid
F#,V7-bIIImaj7,Db7-Amaj7,Four-Way Close,"Conquering Difficulties, Sighs of Relief",Ionian,Dataset/Deceptive_Resolution/Primary/V7 - bIIImaj7/FourWayClose/F#:Gb.mid
F,V7-bIIImaj7,C7-Abmaj7,Four-Way Close,"Furious, Quick-Tempered, Passing Regret",Ionian,Dataset/Deceptive_Resolution/Primary/V7 - bIIImaj7/FourWayClose/F:E#.mid
Ab,V7-bIIImaj7,Eb7-Bmaj7,Four-Way Close,"Death, Eternity, Judgement",Ionian,Dataset/Deceptive_Resolution/Primary/V7 - bIIImaj7/FourWayClose/G#:Ab.mid
G,V7-bIIImaj7,D7-Bbmaj7,Four-Way Close,"Serious, Magnificent, Fantasy",Ionian,Dataset/Deceptive_Resolution/Primary/V7 - bIIImaj7/FourWayClose/G.mid
Bb,V7-bIIImaj7,F7-Dbmaj7,Drop 2,"Joyful, Quaint, Cheerful",Ionian,Dataset/Deceptive_Resolution/Primary/V7 - bIIImaj7/DropTwo/A#:Bb.mid
A,V7-bIIImaj7,E7-Cmaj7,Drop 2,"Joyful, Pastoral, Declaration of Love",Ionian,Dataset/Deceptive_Resolution/Primary/V7 - bIIImaj7/DropTwo/A.mid
B,V7-bIIImaj7,F#7-Dmaj7,Drop 2,"Harsh, Strong, Wild, Rage",Ionian,Dataset/Deceptive_Resolution/Primary/V7 - bIIImaj7/DropTwo/B:Cb.mid
Db,V7-bIIImaj7,Ab7-Emaj7,Drop 2,"Grief, Depressive",Ionian,Dataset/Deceptive_Resolution/Primary/V7 - bIIImaj7/DropTwo/C#:Db.mid
C,V7-bIIImaj7,G7-Ebmaj7,Drop 2,Innocently Happy,Ionian,Dataset/Deceptive_Resolution/Primary/V7 - bIIImaj7/DropTwo/C:B#.mid
Eb,V7-bIIImaj7,Bb7-F#maj7,Drop 2,"Cruel, Hard, Yet Full of Devotion",Ionian,Dataset/Deceptive_Resolution/Primary/V7 - bIIImaj7/DropTwo/D#:Eb.mid
D,V7-bIIImaj7,A7-Fmaj7,Drop 2,"Triumphant, Victorious War-Cries",Ionian,Dataset/Deceptive_Resolution/Primary/V7 - bIIImaj7/DropTwo/D.mid
E,V7-bIIImaj7,B7-Gmaj7,Drop 2,"Quarrelsome, Boisterous, Incomplete Pleasure",Ionian,Dataset/Deceptive_Resolution/Primary/V7 - bIIImaj7/DropTwo/E:Fb.mid
F#,V7-bIIImaj7,Db7-Amaj7,Drop 2,"Conquering Difficulties, Sighs of Relief",Ionian,Dataset/Deceptive_Resolution/Primary/V7 - bIIImaj7/DropTwo/F#:Gb.mid
F,V7-bIIImaj7,C7-Abmaj7,Drop 2,"Furious, Quick-Tempered, Passing Regret",Ionian,Dataset/Deceptive_Resolution/Primary/V7 - bIIImaj7/DropTwo/F:E#.mid
Ab,V7-bIIImaj7,Eb7-Bmaj7,Drop 2,"Death, Eternity, Judgement",Ionian,Dataset/Deceptive_Resolution/Primary/V7 - bIIImaj7/DropTwo/G#:Ab.mid
G,V7-bIIImaj7,D7-Bbmaj7,Drop 2,"Serious, Magnificent, Fantasy",Ionian,Dataset/Deceptive_Resolution/Primary/V7 - bIIImaj7/DropTwo/G.mid
Bb,V7-bIIImaj7,F7-Dbmaj7,Drop 2+4,"Joyful, Quaint, Cheerful",Ionian,Dataset/Deceptive_Resolution/Primary/V7 - bIIImaj7/DropTwoFour/A#:Bb.mid
A,V7-bIIImaj7,E7-Cmaj7,Drop 2+4,"Joyful, Pastoral, Declaration of Love",Ionian,Dataset/Deceptive_Resolution/Primary/V7 - bIIImaj7/DropTwoFour/A.mid
B,V7-bIIImaj7,F#7-Dmaj7,Drop 2+4,"Harsh, Strong, Wild, Rage",Ionian,Dataset/Deceptive_Resolution/Primary/V7 - bIIImaj7/DropTwoFour/B:Cb.mid
Db,V7-bIIImaj7,Ab7-Emaj7,Drop 2+4,"Grief, Depressive",Ionian,Dataset/Deceptive_Resolution/Primary/V7 - bIIImaj7/DropTwoFour/C#:Db.mid
C,V7-bIIImaj7,G7-Ebmaj7,Drop 2+4,Innocently Happy,Ionian,Dataset/Deceptive_Resolution/Primary/V7 - bIIImaj7/DropTwoFour/C:B#.mid
Eb,V7-bIIImaj7,Bb7-F#maj7,Drop 2+4,"Cruel, Hard, Yet Full of Devotion",Ionian,Dataset/Deceptive_Resolution/Primary/V7 - bIIImaj7/DropTwoFour/D#:Eb.mid
D,V7-bIIImaj7,A7-Fmaj7,Drop 2+4,"Triumphant, Victorious War-Cries",Ionian,Dataset/Deceptive_Resolution/Primary/V7 - bIIImaj7/DropTwoFour/D.mid
E,V7-bIIImaj7,B7-Gmaj7,Drop 2+4,"Quarrelsome, Boisterous, Incomplete Pleasure",Ionian,Dataset/Deceptive_Resolution/Primary/V7 - bIIImaj7/DropTwoFour/E:Fb.mid
F#,V7-bIIImaj7,Db7-Amaj7,Drop 2+4,"Conquering Difficulties, Sighs of Relief",Ionian,Dataset/Deceptive_Resolution/Primary/V7 - bIIImaj7/DropTwoFour/F#:Gb.mid
F,V7-bIIImaj7,C7-Abmaj7,Drop 2+4,"Furious, Quick-Tempered, Passing Regret",Ionian,Dataset/Deceptive_Resolution/Primary/V7 - bIIImaj7/DropTwoFour/F:E#.mid
Ab,V7-bIIImaj7,Eb7-Bmaj7,Drop 2+4,"Death, Eternity, Judgement",Ionian,Dataset/Deceptive_Resolution/Primary/V7 - bIIImaj7/DropTwoFour/G#:Ab.mid
G,V7-bIIImaj7,D7-Bbmaj7,Drop 2+4,"Serious, Magnificent, Fantasy",Ionian,Dataset/Deceptive_Resolution/Primary/V7 - bIIImaj7/DropTwoFour/G.mid
Bb,V7-bIIImaj7,F7-Dbmaj7,Drop 3,"Joyful, Quaint, Cheerful",Ionian,Dataset/Deceptive_Resolution/Primary/V7 - bIIImaj7/DropThree/A#:Bb.mid
A,V7-bIIImaj7,E7-Cmaj7,Drop 3,"Joyful, Pastoral, Declaration of Love",Ionian,Dataset/Deceptive_Resolution/Primary/V7 - bIIImaj7/DropThree/A.mid
B,V7-bIIImaj7,F#7-Dmaj7,Drop 3,"Harsh, Strong, Wild, Rage",Ionian,Dataset/Deceptive_Resolution/Primary/V7 - bIIImaj7/DropThree/B:Cb.mid
Db,V7-bIIImaj7,Ab7-Emaj7,Drop 3,"Grief, Depressive",Ionian,Dataset/Deceptive_Resolution/Primary/V7 - bIIImaj7/DropThree/C#:Db.mid
C,V7-bIIImaj7,G7-Ebmaj7,Drop 3,Innocently Happy,Ionian,Dataset/Deceptive_Resolution/Primary/V7 - bIIImaj7/DropThree/C:B#.mid
Eb,V7-bIIImaj7,Bb7-F#maj7,Drop 3,"Cruel, Hard, Yet Full of Devotion",Ionian,Dataset/Deceptive_Resolution/Primary/V7 - bIIImaj7/DropThree/D#:Eb.mid
D,V7-bIIImaj7,A7-Fmaj7,Drop 3,"Triumphant, Victorious War-Cries",Ionian,Dataset/Deceptive_Resolution/Primary/V7 - bIIImaj7/DropThree/D.mid
E,V7-bIIImaj7,B7-Gmaj7,Drop 3,"Quarrelsome, Boisterous, Incomplete Pleasure",Ionian,Dataset/Deceptive_Resolution/Primary/V7 - bIIImaj7/DropThree/E:Fb.mid
F#,V7-bIIImaj7,Db7-Amaj7,Drop 3,"Conquering Difficulties, Sighs of Relief",Ionian,Dataset/Deceptive_Resolution/Primary/V7 - bIIImaj7/DropThree/F#:Gb.mid
F,V7-bIIImaj7,C7-Abmaj7,Drop 3,"Furious, Quick-Tempered, Passing Regret",Ionian,Dataset/Deceptive_Resolution/Primary/V7 - bIIImaj7/DropThree/F:E#.mid
Ab,V7-bIIImaj7,Eb7-Bmaj7,Drop 3,"Death, Eternity, Judgement",Ionian,Dataset/Deceptive_Resolution/Primary/V7 - bIIImaj7/DropThree/G#:Ab.mid
G,V7-bIIImaj7,D7-Bbmaj7,Drop 3,"Serious, Magnificent, Fantasy",Ionian,Dataset/Deceptive_Resolution/Primary/V7 - bIIImaj7/DropThree/G.mid
Bb,V7-bIImaj7,F7-Bmaj7,Four-Way Close,"Joyful, Quaint, Cheerful",Ionian,Dataset/Deceptive_Resolution/Primary/V7 - bIImaj7 /FourWayClose/A#:Bb.mid
A,V7-bIImaj7,E7-Bbmaj7,Four-Way Close,"Joyful, Pastoral, Declaration of Love",Ionian,Dataset/Deceptive_Resolution/Primary/V7 - bIImaj7 /FourWayClose/A.mid
B,V7-bIImaj7,F#7-Cmaj7,Four-Way Close,"Harsh, Strong, Wild, Rage",Ionian,Dataset/Deceptive_Resolution/Primary/V7 - bIImaj7 /FourWayClose/B:Cb.mid
Db,V7-bIImaj7,Ab7-Dmaj7,Four-Way Close,"Grief, Depressive",Ionian,Dataset/Deceptive_Resolution/Primary/V7 - bIImaj7 /FourWayClose/C#:Db.mid
C,V7-bIImaj7,G7-Dbmaj7,Four-Way Close,Innocently Happy,Ionian,Dataset/Deceptive_Resolution/Primary/V7 - bIImaj7 /FourWayClose/C:B#.mid
Eb,V7-bIImaj7,Bb7-Emaj7,Four-Way Close,"Cruel, Hard, Yet Full of Devotion",Ionian,Dataset/Deceptive_Resolution/Primary/V7 - bIImaj7 /FourWayClose/D#:Eb.mid
D,V7-bIImaj7,A7-Ebmaj7,Four-Way Close,"Triumphant, Victorious War-Cries",Ionian,Dataset/Deceptive_Resolution/Primary/V7 - bIImaj7 /FourWayClose/D.mid
E,V7-bIImaj7,B7-Fmaj7,Four-Way Close,"Quarrelsome, Boisterous, Incomplete Pleasure",Ionian,Dataset/Deceptive_Resolution/Primary/V7 - bIImaj7 /FourWayClose/E:Fb.mid
F#,V7-bIImaj7,Db7-Gmaj7,Four-Way Close,"Conquering Difficulties, Sighs of Relief",Ionian,Dataset/Deceptive_Resolution/Primary/V7 - bIImaj7 /FourWayClose/F#:Gb.mid
F,V7-bIImaj7,C7-F#maj7,Four-Way Close,"Furious, Quick-Tempered, Passing Regret",Ionian,Dataset/Deceptive_Resolution/Primary/V7 - bIImaj7 /FourWayClose/F:E#.mid
Ab,V7-bIImaj7,Eb7-Amaj7,Four-Way Close,"Death, Eternity, Judgement",Ionian,Dataset/Deceptive_Resolution/Primary/V7 - bIImaj7 /FourWayClose/G#:Ab.mid
G,V7-bIImaj7,D7-Abmaj7,Four-Way Close,"Serious, Magnificent, Fantasy",Ionian,Dataset/Deceptive_Resolution/Primary/V7 - bIImaj7 /FourWayClose/G.mid
Bb,V7-bIImaj7,F7-Bmaj7,Drop 2,"Joyful, Quaint, Cheerful",Ionian,Dataset/Deceptive_Resolution/Primary/V7 - bIImaj7 /DropTwo/A#:Bb.mid
A,V7-bIImaj7,E7-Bbmaj7,Drop 2,"Joyful, Pastoral, Declaration of Love",Ionian,Dataset/Deceptive_Resolution/Primary/V7 - bIImaj7 /DropTwo/A.mid
B,V7-bIImaj7,F#7-Cmaj7,Drop 2,"Harsh, Strong, Wild, Rage",Ionian,Dataset/Deceptive_Resolution/Primary/V7 - bIImaj7 /DropTwo/B:Cb.mid
Db,V7-bIImaj7,Ab7-Dmaj7,Drop 2,"Grief, Depressive",Ionian,Dataset/Deceptive_Resolution/Primary/V7 - bIImaj7 /DropTwo/C#:Db.mid
C,V7-bIImaj7,G7-Dbmaj7,Drop 2,Innocently Happy,Ionian,Dataset/Deceptive_Resolution/Primary/V7 - bIImaj7 /DropTwo/C:B#.mid
Eb,V7-bIImaj7,Bb7-Emaj7,Drop 2,"Cruel, Hard, Yet Full of Devotion",Ionian,Dataset/Deceptive_Resolution/Primary/V7 - bIImaj7 /DropTwo/D#:Eb.mid
D,V7-bIImaj7,A7-Ebmaj7,Drop 2,"Triumphant, Victorious War-Cries",Ionian,Dataset/Deceptive_Resolution/Primary/V7 - bIImaj7 /DropTwo/D.mid
E,V7-bIImaj7,B7-Fmaj7,Drop 2,"Quarrelsome, Boisterous, Incomplete Pleasure",Ionian,Dataset/Deceptive_Resolution/Primary/V7 - bIImaj7 /DropTwo/E:Fb.mid
F#,V7-bIImaj7,Db7-Gmaj7,Drop 2,"Conquering Difficulties, Sighs of Relief",Ionian,Dataset/Deceptive_Resolution/Primary/V7 - bIImaj7 /DropTwo/F#:Gb.mid
F,V7-bIImaj7,C7-F#maj7,Drop 2,"Furious, Quick-Tempered, Passing Regret",Ionian,Dataset/Deceptive_Resolution/Primary/V7 - bIImaj7 /DropTwo/F:E#.mid
Ab,V7-bIImaj7,Eb7-Amaj7,Drop 2,"Death, Eternity, Judgement",Ionian,Dataset/Deceptive_Resolution/Primary/V7 - bIImaj7 /DropTwo/G#:Ab.mid
G,V7-bIImaj7,D7-Abmaj7,Drop 2,"Serious, Magnificent, Fantasy",Ionian,Dataset/Deceptive_Resolution/Primary/V7 - bIImaj7 /DropTwo/G.mid
Bb,V7-bIImaj7,F7-Bmaj7,Drop 2+4,"Joyful, Quaint, Cheerful",Ionian,Dataset/Deceptive_Resolution/Primary/V7 - bIImaj7 /DropTwoFour/A#:Bb.mid
A,V7-bIImaj7,E7-Bbmaj7,Drop 2+4,"Joyful, Pastoral, Declaration of Love",Ionian,Dataset/Deceptive_Resolution/Primary/V7 - bIImaj7 /DropTwoFour/A.mid
B,V7-bIImaj7,F#7-Cmaj7,Drop 2+4,"Harsh, Strong, Wild, Rage",Ionian,Dataset/Deceptive_Resolution/Primary/V7 - bIImaj7 /DropTwoFour/B:Cb.mid
Db,V7-bIImaj7,Ab7-Dmaj7,Drop 2+4,"Grief, Depressive",Ionian,Dataset/Deceptive_Resolution/Primary/V7 - bIImaj7 /DropTwoFour/C#:Db.mid
C,V7-bIImaj7,G7-Dbmaj7,Drop 2+4,Innocently Happy,Ionian,Dataset/Deceptive_Resolution/Primary/V7 - bIImaj7 /DropTwoFour/C:B#.mid
Eb,V7-bIImaj7,Bb7-Emaj7,Drop 2+4,"Cruel, Hard, Yet Full of Devotion",Ionian,Dataset/Deceptive_Resolution/Primary/V7 - bIImaj7 /DropTwoFour/D#:Eb.mid
D,V7-bIImaj7,A7-Ebmaj7,Drop 2+4,"Triumphant, Victorious War-Cries",Ionian,Dataset/Deceptive_Resolution/Primary/V7 - bIImaj7 /DropTwoFour/D.mid
E,V7-bIImaj7,B7-Fmaj7,Drop 2+4,"Quarrelsome, Boisterous, Incomplete Pleasure",Ionian,Dataset/Deceptive_Resolution/Primary/V7 - bIImaj7 /DropTwoFour/E:Fb.mid
F#,V7-bIImaj7,Db7-Gmaj7,Drop 2+4,"Conquering Difficulties, Sighs of Relief",Ionian,Dataset/Deceptive_Resolution/Primary/V7 - bIImaj7 /DropTwoFour/F#:Gb.mid
F,V7-bIImaj7,C7-F#maj7,Drop 2+4,"Furious, Quick-Tempered, Passing Regret",Ionian,Dataset/Deceptive_Resolution/Primary/V7 - bIImaj7 /DropTwoFour/F:E#.mid
Ab,V7-bIImaj7,Eb7-Amaj7,Drop 2+4,"Death, Eternity, Judgement",Ionian,Dataset/Deceptive_Resolution/Primary/V7 - bIImaj7 /DropTwoFour/G#:Ab.mid
G,V7-bIImaj7,D7-Abmaj7,Drop 2+4,"Serious, Magnificent, Fantasy",Ionian,Dataset/Deceptive_Resolution/Primary/V7 - bIImaj7 /DropTwoFour/G.mid
Bb,V7-bIImaj7,F7-Bmaj7,Drop 3,"Joyful, Quaint, Cheerful",Ionian,Dataset/Deceptive_Resolution/Primary/V7 - bIImaj7 /DropThree/A#:Bb.mid
A,V7-bIImaj7,E7-Bbmaj7,Drop 3,"Joyful, Pastoral, Declaration of Love",Ionian,Dataset/Deceptive_Resolution/Primary/V7 - bIImaj7 /DropThree/A.mid
B,V7-bIImaj7,F#7-Cmaj7,Drop 3,"Harsh, Strong, Wild, Rage",Ionian,Dataset/Deceptive_Resolution/Primary/V7 - bIImaj7 /DropThree/B:Cb.mid
Db,V7-bIImaj7,Ab7-Dmaj7,Drop 3,"Grief, Depressive",Ionian,Dataset/Deceptive_Resolution/Primary/V7 - bIImaj7 /DropThree/C#:Db.mid
C,V7-bIImaj7,G7-Dbmaj7,Drop 3,Innocently Happy,Ionian,Dataset/Deceptive_Resolution/Primary/V7 - bIImaj7 /DropThree/C:B#.mid
Eb,V7-bIImaj7,Bb7-Emaj7,Drop 3,"Cruel, Hard, Yet Full of Devotion",Ionian,Dataset/Deceptive_Resolution/Primary/V7 - bIImaj7 /DropThree/D#:Eb.mid
D,V7-bIImaj7,A7-Ebmaj7,Drop 3,"Triumphant, Victorious War-Cries",Ionian,Dataset/Deceptive_Resolution/Primary/V7 - bIImaj7 /DropThree/D.mid
E,V7-bIImaj7,B7-Fmaj7,Drop 3,"Quarrelsome, Boisterous, Incomplete Pleasure",Ionian,Dataset/Deceptive_Resolution/Primary/V7 - bIImaj7 /DropThree/E:Fb.mid
F#,V7-bIImaj7,Db7-Gmaj7,Drop 3,"Conquering Difficulties, Sighs of Relief",Ionian,Dataset/Deceptive_Resolution/Primary/V7 - bIImaj7 /DropThree/F#:Gb.mid
F,V7-bIImaj7,C7-F#maj7,Drop 3,"Furious, Quick-Tempered, Passing Regret",Ionian,Dataset/Deceptive_Resolution/Primary/V7 - bIImaj7 /DropThree/F:E#.mid
Ab,V7-bIImaj7,Eb7-Amaj7,Drop 3,"Death, Eternity, Judgement",Ionian,Dataset/Deceptive_Resolution/Primary/V7 - bIImaj7 /DropThree/G#:Ab.mid
G,V7-bIImaj7,D7-Abmaj7,Drop 3,"Serious, Magnificent, Fantasy",Ionian,Dataset/Deceptive_Resolution/Primary/V7 - bIImaj7 /DropThree/G.mid
Bb,V7-bVIImaj7,F7-Abmaj7,Four-Way Close,"Joyful, Quaint, Cheerful",Mixolydian,Dataset/Deceptive_Resolution/Primary/V7 - bVIImaj7/FourWayClose/A#:Bb.mid
A,V7-bVIImaj7,E7-Gmaj7,Four-Way Close,"Joyful, Pastoral, Declaration of Love",Mixolydian,Dataset/Deceptive_Resolution/Primary/V7 - bVIImaj7/FourWayClose/A.mid
B,V7-bVIImaj7,F#7-Amaj7,Four-Way Close,"Harsh, Strong, Wild, Rage",Mixolydian,Dataset/Deceptive_Resolution/Primary/V7 - bVIImaj7/FourWayClose/B:Cb.mid
Db,V7-bVIImaj7,Ab7-Bmaj7,Four-Way Close,"Grief, Depressive",Mixolydian,Dataset/Deceptive_Resolution/Primary/V7 - bVIImaj7/FourWayClose/C#:Db.mid
C,V7-bVIImaj7,G7-Bbmaj7,Four-Way Close,Innocently Happy,Mixolydian,Dataset/Deceptive_Resolution/Primary/V7 - bVIImaj7/FourWayClose/C:B#.mid
Eb,V7-bVIImaj7,Bb7-Dbmaj7,Four-Way Close,"Cruel, Hard, Yet Full of Devotion",Mixolydian,Dataset/Deceptive_Resolution/Primary/V7 - bVIImaj7/FourWayClose/D#:Eb.mid
D,V7-bVIImaj7,A7-Cmaj7,Four-Way Close,"Triumphant, Victorious War-Cries",Mixolydian,Dataset/Deceptive_Resolution/Primary/V7 - bVIImaj7/FourWayClose/D.mid
E,V7-bVIImaj7,B7-Dmaj7,Four-Way Close,"Quarrelsome, Boisterous, Incomplete Pleasure",Mixolydian,Dataset/Deceptive_Resolution/Primary/V7 - bVIImaj7/FourWayClose/E:Fb.mid
F#,V7-bVIImaj7,Db7-Emaj7,Four-Way Close,"Conquering Difficulties, Sighs of Relief",Mixolydian,Dataset/Deceptive_Resolution/Primary/V7 - bVIImaj7/FourWayClose/F#:Gb.mid
F,V7-bVIImaj7,C7-Ebmaj7,Four-Way Close,"Furious, Quick-Tempered, Passing Regret",Mixolydian,Dataset/Deceptive_Resolution/Primary/V7 - bVIImaj7/FourWayClose/F:E#.mid
Ab,V7-bVIImaj7,Eb7-F#maj7,Four-Way Close,"Death, Eternity, Judgement",Mixolydian,Dataset/Deceptive_Resolution/Primary/V7 - bVIImaj7/FourWayClose/G#:Ab.mid
G,V7-bVIImaj7,D7-Fmaj7,Four-Way Close,"Serious, Magnificent, Fantasy",Mixolydian,Dataset/Deceptive_Resolution/Primary/V7 - bVIImaj7/FourWayClose/G.mid
Bb,V7-bVIImaj7,F7-Abmaj7,Drop 2,"Joyful, Quaint, Cheerful",Mixolydian,Dataset/Deceptive_Resolution/Primary/V7 - bVIImaj7/DropTwo/A#:Bb.mid
A,V7-bVIImaj7,E7-Gmaj7,Drop 2,"Joyful, Pastoral, Declaration of Love",Mixolydian,Dataset/Deceptive_Resolution/Primary/V7 - bVIImaj7/DropTwo/A.mid
B,V7-bVIImaj7,F#7-Amaj7,Drop 2,"Harsh, Strong, Wild, Rage",Mixolydian,Dataset/Deceptive_Resolution/Primary/V7 - bVIImaj7/DropTwo/B:Cb.mid
Db,V7-bVIImaj7,Ab7-Bmaj7,Drop 2,"Grief, Depressive",Mixolydian,Dataset/Deceptive_Resolution/Primary/V7 - bVIImaj7/DropTwo/C#:Db.mid
C,V7-bVIImaj7,G7-Bbmaj7,Drop 2,Innocently Happy,Mixolydian,Dataset/Deceptive_Resolution/Primary/V7 - bVIImaj7/DropTwo/C:B#.mid
Eb,V7-bVIImaj7,Bb7-Dbmaj7,Drop 2,"Cruel, Hard, Yet Full of Devotion",Mixolydian,Dataset/Deceptive_Resolution/Primary/V7 - bVIImaj7/DropTwo/D#:Eb.mid
D,V7-bVIImaj7,A7-Cmaj7,Drop 2,"Triumphant, Victorious War-Cries",Mixolydian,Dataset/Deceptive_Resolution/Primary/V7 - bVIImaj7/DropTwo/D.mid
E,V7-bVIImaj7,B7-Dmaj7,Drop 2,"Quarrelsome, Boisterous, Incomplete Pleasure",Mixolydian,Dataset/Deceptive_Resolution/Primary/V7 - bVIImaj7/DropTwo/E:Fb.mid
F#,V7-bVIImaj7,Db7-Emaj7,Drop 2,"Conquering Difficulties, Sighs of Relief",Mixolydian,Dataset/Deceptive_Resolution/Primary/V7 - bVIImaj7/DropTwo/F#:Gb.mid
F,V7-bVIImaj7,C7-Ebmaj7,Drop 2,"Furious, Quick-Tempered, Passing Regret",Mixolydian,Dataset/Deceptive_Resolution/Primary/V7 - bVIImaj7/DropTwo/F:E#.mid
Ab,V7-bVIImaj7,Eb7-F#maj7,Drop 2,"Death, Eternity, Judgement",Mixolydian,Dataset/Deceptive_Resolution/Primary/V7 - bVIImaj7/DropTwo/G#:Ab.mid
G,V7-bVIImaj7,D7-Fmaj7,Drop 2,"Serious, Magnificent, Fantasy",Mixolydian,Dataset/Deceptive_Resolution/Primary/V7 - bVIImaj7/DropTwo/G.mid
Bb,V7-bVIImaj7,F7-Abmaj7,Drop 2+4,"Joyful, Quaint, Cheerful",Mixolydian,Dataset/Deceptive_Resolution/Primary/V7 - bVIImaj7/DropTwoFour/A#:Bb.mid
A,V7-bVIImaj7,E7-Gmaj7,Drop 2+4,"Joyful, Pastoral, Declaration of Love",Mixolydian,Dataset/Deceptive_Resolution/Primary/V7 - bVIImaj7/DropTwoFour/A.mid
B,V7-bVIImaj7,F#7-Amaj7,Drop 2+4,"Harsh, Strong, Wild, Rage",Mixolydian,Dataset/Deceptive_Resolution/Primary/V7 - bVIImaj7/DropTwoFour/B:Cb.mid
Db,V7-bVIImaj7,Ab7-Bmaj7,Drop 2+4,"Grief, Depressive",Mixolydian,Dataset/Deceptive_Resolution/Primary/V7 - bVIImaj7/DropTwoFour/C#:Db.mid
C,V7-bVIImaj7,G7-Bbmaj7,Drop 2+4,Innocently Happy,Mixolydian,Dataset/Deceptive_Resolution/Primary/V7 - bVIImaj7/DropTwoFour/C:B#.mid
Eb,V7-bVIImaj7,Bb7-Dbmaj7,Drop 2+4,"Cruel, Hard, Yet Full of Devotion",Mixolydian,Dataset/Deceptive_Resolution/Primary/V7 - bVIImaj7/DropTwoFour/D#:Eb.mid
D,V7-bVIImaj7,A7-Cmaj7,Drop 2+4,"Triumphant, Victorious War-Cries",Mixolydian,Dataset/Deceptive_Resolution/Primary/V7 - bVIImaj7/DropTwoFour/D.mid
E,V7-bVIImaj7,B7-Dmaj7,Drop 2+4,"Quarrelsome, Boisterous, Incomplete Pleasure",Mixolydian,Dataset/Deceptive_Resolution/Primary/V7 - bVIImaj7/DropTwoFour/E:Fb.mid
F#,V7-bVIImaj7,Db7-Emaj7,Drop 2+4,"Conquering Difficulties, Sighs of Relief",Mixolydian,Dataset/Deceptive_Resolution/Primary/V7 - bVIImaj7/DropTwoFour/F#:Gb.mid
F,V7-bVIImaj7,C7-Ebmaj7,Drop 2+4,"Furious, Quick-Tempered, Passing Regret",Mixolydian,Dataset/Deceptive_Resolution/Primary/V7 - bVIImaj7/DropTwoFour/F:E#.mid
Ab,V7-bVIImaj7,Eb7-F#maj7,Drop 2+4,"Death, Eternity, Judgement",Mixolydian,Dataset/Deceptive_Resolution/Primary/V7 - bVIImaj7/DropTwoFour/G#:Ab.mid
G,V7-bVIImaj7,D7-Fmaj7,Drop 2+4,"Serious, Magnificent, Fantasy",Mixolydian,Dataset/Deceptive_Resolution/Primary/V7 - bVIImaj7/DropTwoFour/G.mid
Bb,V7-bVIImaj7,F7-Abmaj7,Drop 3,"Joyful, Quaint, Cheerful",Mixolydian,Dataset/Deceptive_Resolution/Primary/V7 - bVIImaj7/DropThree/A#:Bb.mid
A,V7-bVIImaj7,E7-Gmaj7,Drop 3,"Joyful, Pastoral, Declaration of Love",Mixolydian,Dataset/Deceptive_Resolution/Primary/V7 - bVIImaj7/DropThree/A.mid
B,V7-bVIImaj7,F#7-Amaj7,Drop 3,"Harsh, Strong, Wild, Rage",Mixolydian,Dataset/Deceptive_Resolution/Primary/V7 - bVIImaj7/DropThree/B:Cb.mid
Db,V7-bVIImaj7,Ab7-Bmaj7,Drop 3,"Grief, Depressive",Mixolydian,Dataset/Deceptive_Resolution/Primary/V7 - bVIImaj7/DropThree/C#:Db.mid
C,V7-bVIImaj7,G7-Bbmaj7,Drop 3,Innocently Happy,Mixolydian,Dataset/Deceptive_Resolution/Primary/V7 - bVIImaj7/DropThree/C:B#.mid
Eb,V7-bVIImaj7,Bb7-Dbmaj7,Drop 3,"Cruel, Hard, Yet Full of Devotion",Mixolydian,Dataset/Deceptive_Resolution/Primary/V7 - bVIImaj7/DropThree/D#:Eb.mid
D,V7-bVIImaj7,A7-Cmaj7,Drop 3,"Triumphant, Victorious War-Cries",Mixolydian,Dataset/Deceptive_Resolution/Primary/V7 - bVIImaj7/DropThree/D.mid
E,V7-bVIImaj7,B7-Dmaj7,Drop 3,"Quarrelsome, Boisterous, Incomplete Pleasure",Mixolydian,Dataset/Deceptive_Resolution/Primary/V7 - bVIImaj7/DropThree/E:Fb.mid
F#,V7-bVIImaj7,Db7-Emaj7,Drop 3,"Conquering Difficulties, Sighs of Relief",Mixolydian,Dataset/Deceptive_Resolution/Primary/V7 - bVIImaj7/DropThree/F#:Gb.mid
F,V7-bVIImaj7,C7-Ebmaj7,Drop 3,"Furious, Quick-Tempered, Passing Regret",Mixolydian,Dataset/Deceptive_Resolution/Primary/V7 - bVIImaj7/DropThree/F:E#.mid
Ab,V7-bVIImaj7,Eb7-F#maj7,Drop 3,"Death, Eternity, Judgement",Mixolydian,Dataset/Deceptive_Resolution/Primary/V7 - bVIImaj7/DropThree/G#:Ab.mid
G,V7-bVIImaj7,D7-Fmaj7,Drop 3,"Serious, Magnificent, Fantasy",Mixolydian,Dataset/Deceptive_Resolution/Primary/V7 - bVIImaj7/DropThree/G.mid
Bb,V7-bVImaj7,F7-F#maj7,Four-Way Close,"Joyful, Quaint, Cheerful",Ionian,Dataset/Deceptive_Resolution/Primary/V7 - bVImaj7/FourWayClose/A#:Bb.mid
A,V7-bVImaj7,E7-Fmaj7,Four-Way Close,"Joyful, Pastoral, Declaration of Love",Ionian,Dataset/Deceptive_Resolution/Primary/V7 - bVImaj7/FourWayClose/A.mid
B,V7-bVImaj7,F#7-Gmaj7,Four-Way Close,"Harsh, Strong, Wild, Rage",Ionian,Dataset/Deceptive_Resolution/Primary/V7 - bVImaj7/FourWayClose/B:Cb.mid
Db,V7-bVImaj7,Ab7-Amaj7,Four-Way Close,"Grief, Depressive",Ionian,Dataset/Deceptive_Resolution/Primary/V7 - bVImaj7/FourWayClose/C#:Db.mid
C,V7-bVImaj7,G7-Abmaj7,Four-Way Close,Innocently Happy,Ionian,Dataset/Deceptive_Resolution/Primary/V7 - bVImaj7/FourWayClose/C:B#.mid
Eb,V7-bVImaj7,Bb7-Bmaj7,Four-Way Close,"Cruel, Hard, Yet Full of Devotion",Ionian,Dataset/Deceptive_Resolution/Primary/V7 - bVImaj7/FourWayClose/D#:Eb.mid
D,V7-bVImaj7,A7-Bbmaj7,Four-Way Close,"Triumphant, Victorious War-Cries",Ionian,Dataset/Deceptive_Resolution/Primary/V7 - bVImaj7/FourWayClose/D.mid
E,V7-bVImaj7,B7-Cmaj7,Four-Way Close,"Quarrelsome, Boisterous, Incomplete Pleasure",Ionian,Dataset/Deceptive_Resolution/Primary/V7 - bVImaj7/FourWayClose/E:Fb.mid
F#,V7-bVImaj7,Db7-Dmaj7,Four-Way Close,"Conquering Difficulties, Sighs of Relief",Ionian,Dataset/Deceptive_Resolution/Primary/V7 - bVImaj7/FourWayClose/F#:Gb.mid
F,V7-bVImaj7,C7-Dbmaj7,Four-Way Close,"Furious, Quick-Tempered, Passing Regret",Ionian,Dataset/Deceptive_Resolution/Primary/V7 - bVImaj7/FourWayClose/F:E#.mid
Ab,V7-bVImaj7,Eb7-Emaj7,Four-Way Close,"Death, Eternity, Judgement",Ionian,Dataset/Deceptive_Resolution/Primary/V7 - bVImaj7/FourWayClose/G#:Ab.mid
G,V7-bVImaj7,D7-Ebmaj7,Four-Way Close,"Serious, Magnificent, Fantasy",Ionian,Dataset/Deceptive_Resolution/Primary/V7 - bVImaj7/FourWayClose/G.mid
Bb,V7-bVImaj7,F7-F#maj7,Drop 2,"Joyful, Quaint, Cheerful",Ionian,Dataset/Deceptive_Resolution/Primary/V7 - bVImaj7/DropTwo/A#:Bb.mid
A,V7-bVImaj7,E7-Fmaj7,Drop 2,"Joyful, Pastoral, Declaration of Love",Ionian,Dataset/Deceptive_Resolution/Primary/V7 - bVImaj7/DropTwo/A.mid
B,V7-bVImaj7,F#7-Gmaj7,Drop 2,"Harsh, Strong, Wild, Rage",Ionian,Dataset/Deceptive_Resolution/Primary/V7 - bVImaj7/DropTwo/B:Cb.mid
Db,V7-bVImaj7,Ab7-Amaj7,Drop 2,"Grief, Depressive",Ionian,Dataset/Deceptive_Resolution/Primary/V7 - bVImaj7/DropTwo/C#:Db.mid
C,V7-bVImaj7,G7-Abmaj7,Drop 2,Innocently Happy,Ionian,Dataset/Deceptive_Resolution/Primary/V7 - bVImaj7/DropTwo/C:B#.mid
Eb,V7-bVImaj7,Bb7-Bmaj7,Drop 2,"Cruel, Hard, Yet Full of Devotion",Ionian,Dataset/Deceptive_Resolution/Primary/V7 - bVImaj7/DropTwo/D#:Eb.mid
D,V7-bVImaj7,A7-Bbmaj7,Drop 2,"Triumphant, Victorious War-Cries",Ionian,Dataset/Deceptive_Resolution/Primary/V7 - bVImaj7/DropTwo/D.mid
E,V7-bVImaj7,B7-Cmaj7,Drop 2,"Quarrelsome, Boisterous, Incomplete Pleasure",Ionian,Dataset/Deceptive_Resolution/Primary/V7 - bVImaj7/DropTwo/E:Fb.mid
F#,V7-bVImaj7,Db7-Dmaj7,Drop 2,"Conquering Difficulties, Sighs of Relief",Ionian,Dataset/Deceptive_Resolution/Primary/V7 - bVImaj7/DropTwo/F#:Gb.mid
F,V7-bVImaj7,C7-Dbmaj7,Drop 2,"Furious, Quick-Tempered, Passing Regret",Ionian,Dataset/Deceptive_Resolution/Primary/V7 - bVImaj7/DropTwo/F:E#.mid
Ab,V7-bVImaj7,Eb7-Emaj7,Drop 2,"Death, Eternity, Judgement",Ionian,Dataset/Deceptive_Resolution/Primary/V7 - bVImaj7/DropTwo/G#:Ab.mid
G,V7-bVImaj7,D7-Ebmaj7,Drop 2,"Serious, Magnificent, Fantasy",Ionian,Dataset/Deceptive_Resolution/Primary/V7 - bVImaj7/DropTwo/G.mid
Bb,V7-bVImaj7,F7-F#maj7,Drop 2+4,"Joyful, Quaint, Cheerful",Ionian,Dataset/Deceptive_Resolution/Primary/V7 - bVImaj7/DropTwoFour/A#:Bb.mid
A,V7-bVImaj7,E7-Fmaj7,Drop 2+4,"Joyful, Pastoral, Declaration of Love",Ionian,Dataset/Deceptive_Resolution/Primary/V7 - bVImaj7/DropTwoFour/A.mid
B,V7-bVImaj7,F#7-Gmaj7,Drop 2+4,"Harsh, Strong, Wild, Rage",Ionian,Dataset/Deceptive_Resolution/Primary/V7 - bVImaj7/DropTwoFour/B:Cb.mid
Db,V7-bVImaj7,Ab7-Amaj7,Drop 2+4,"Grief, Depressive",Ionian,Dataset/Deceptive_Resolution/Primary/V7 - bVImaj7/DropTwoFour/C#:Db.mid
C,V7-bVImaj7,G7-Abmaj7,Drop 2+4,Innocently Happy,Ionian,Dataset/Deceptive_Resolution/Primary/V7 - bVImaj7/DropTwoFour/C:B#.mid
Eb,V7-bVImaj7,Bb7-Bmaj7,Drop 2+4,"Cruel, Hard, Yet Full of Devotion",Ionian,Dataset/Deceptive_Resolution/Primary/V7 - bVImaj7/DropTwoFour/D#:Eb.mid
D,V7-bVImaj7,A7-Bbmaj7,Drop 2+4,"Triumphant, Victorious War-Cries",Ionian,Dataset/Deceptive_Resolution/Primary/V7 - bVImaj7/DropTwoFour/D.mid
E,V7-bVImaj7,B7-Cmaj7,Drop 2+4,"Quarrelsome, Boisterous, Incomplete Pleasure",Ionian,Dataset/Deceptive_Resolution/Primary/V7 - bVImaj7/DropTwoFour/E:Fb.mid
F#,V7-bVImaj7,Db7-Dmaj7,Drop 2+4,"Conquering Difficulties, Sighs of Relief",Ionian,Dataset/Deceptive_Resolution/Primary/V7 - bVImaj7/DropTwoFour/F#:Gb.mid
F,V7-bVImaj7,C7-Dbmaj7,Drop 2+4,"Furious, Quick-Tempered, Passing Regret",Ionian,Dataset/Deceptive_Resolution/Primary/V7 - bVImaj7/DropTwoFour/F:E#.mid
Ab,V7-bVImaj7,Eb7-Emaj7,Drop 2+4,"Death, Eternity, Judgement",Ionian,Dataset/Deceptive_Resolution/Primary/V7 - bVImaj7/DropTwoFour/G#:Ab.mid
G,V7-bVImaj7,D7-Ebmaj7,Drop 2+4,"Serious, Magnificent, Fantasy",Ionian,Dataset/Deceptive_Resolution/Primary/V7 - bVImaj7/DropTwoFour/G.mid
Bb,V7-bVImaj7,F7-F#maj7,Drop 3,"Joyful, Quaint, Cheerful",Ionian,Dataset/Deceptive_Resolution/Primary/V7 - bVImaj7/DropThree/A#:Bb.mid
A,V7-bVImaj7,E7-Fmaj7,Drop 3,"Joyful, Pastoral, Declaration of Love",Ionian,Dataset/Deceptive_Resolution/Primary/V7 - bVImaj7/DropThree/A.mid
B,V7-bVImaj7,F#7-Gmaj7,Drop 3,"Harsh, Strong, Wild, Rage",Ionian,Dataset/Deceptive_Resolution/Primary/V7 - bVImaj7/DropThree/B:Cb.mid
Db,V7-bVImaj7,Ab7-Amaj7,Drop 3,"Grief, Depressive",Ionian,Dataset/Deceptive_Resolution/Primary/V7 - bVImaj7/DropThree/C#:Db.mid
C,V7-bVImaj7,G7-Abmaj7,Drop 3,Innocently Happy,Ionian,Dataset/Deceptive_Resolution/Primary/V7 - bVImaj7/DropThree/C:B#.mid
Eb,V7-bVImaj7,Bb7-Bmaj7,Drop 3,"Cruel, Hard, Yet Full of Devotion",Ionian,Dataset/Deceptive_Resolution/Primary/V7 - bVImaj7/DropThree/D#:Eb.mid
D,V7-bVImaj7,A7-Bbmaj7,Drop 3,"Triumphant, Victorious War-Cries",Ionian,Dataset/Deceptive_Resolution/Primary/V7 - bVImaj7/DropThree/D.mid
E,V7-bVImaj7,B7-Cmaj7,Drop 3,"Quarrelsome, Boisterous, Incomplete Pleasure",Ionian,Dataset/Deceptive_Resolution/Primary/V7 - bVImaj7/DropThree/E:Fb.mid
F#,V7-bVImaj7,Db7-Dmaj7,Drop 3,"Conquering Difficulties, Sighs of Relief",Ionian,Dataset/Deceptive_Resolution/Primary/V7 - bVImaj7/DropThree/F#:Gb.mid
F,V7-bVImaj7,C7-Dbmaj7,Drop 3,"Furious, Quick-Tempered, Passing Regret",Ionian,Dataset/Deceptive_Resolution/Primary/V7 - bVImaj7/DropThree/F:E#.mid
Ab,V7-bVImaj7,Eb7-Emaj7,Drop 3,"Death, Eternity, Judgement",Ionian,Dataset/Deceptive_Resolution/Primary/V7 - bVImaj7/DropThree/G#:Ab.mid
G,V7-bVImaj7,D7-Ebmaj7,Drop 3,"Serious, Magnificent, Fantasy",Ionian,Dataset/Deceptive_Resolution/Primary/V7 - bVImaj7/DropThree/G.mid
Bb,V7/II-bVImaj7,G7-F#maj7,Four-Way Close,"Joyful, Quaint, Cheerful",Ionian,Dataset/Deceptive_Resolution/Secondary/V7:II - bVImaj7/FourWayClose/A#:Bb.mid
A,V7/II-bVImaj7,F#7-Fmaj7,Four-Way Close,"Joyful, Pastoral, Declaration of Love",Ionian,Dataset/Deceptive_Resolution/Secondary/V7:II - bVImaj7/FourWayClose/A.mid
B,V7/II-bVImaj7,Ab7-Gmaj7,Four-Way Close,"Harsh, Strong, Wild, Rage",Ionian,Dataset/Deceptive_Resolution/Secondary/V7:II - bVImaj7/FourWayClose/B:Cb.mid
Db,V7/II-bVImaj7,Bb7-Amaj7,Four-Way Close,"Grief, Depressive",Ionian,Dataset/Deceptive_Resolution/Secondary/V7:II - bVImaj7/FourWayClose/C#:Db.mid
C,V7/II-bVImaj7,A7-Abmaj7,Four-Way Close,Innocently Happy,Ionian,Dataset/Deceptive_Resolution/Secondary/V7:II - bVImaj7/FourWayClose/C:B#.mid
Eb,V7/II-bVImaj7,C7-Bmaj7,Four-Way Close,"Cruel, Hard, Yet Full of Devotion",Ionian,Dataset/Deceptive_Resolution/Secondary/V7:II - bVImaj7/FourWayClose/D#:Eb.mid
D,V7/II-bVImaj7,B7-Bbmaj7,Four-Way Close,"Triumphant, Victorious War-Cries",Ionian,Dataset/Deceptive_Resolution/Secondary/V7:II - bVImaj7/FourWayClose/D.mid
E,V7/II-bVImaj7,Db7-Cmaj7,Four-Way Close,"Quarrelsome, Boisterous, Incomplete Pleasure",Ionian,Dataset/Deceptive_Resolution/Secondary/V7:II - bVImaj7/FourWayClose/E:Fb.mid
F#,V7/II-bVImaj7,Eb7-Dmaj7,Four-Way Close,"Conquering Difficulties, Sighs of Relief",Ionian,Dataset/Deceptive_Resolution/Secondary/V7:II - bVImaj7/FourWayClose/F#:Gb.mid
F,V7/II-bVImaj7,D7-Dbmaj7,Four-Way Close,"Furious, Quick-Tempered, Passing Regret",Ionian,Dataset/Deceptive_Resolution/Secondary/V7:II - bVImaj7/FourWayClose/F:E#.mid
Ab,V7/II-bVImaj7,F7-Emaj7,Four-Way Close,"Death, Eternity, Judgement",Ionian,Dataset/Deceptive_Resolution/Secondary/V7:II - bVImaj7/FourWayClose/G#:Ab.mid
G,V7/II-bVImaj7,E7-Ebmaj7,Four-Way Close,"Serious, Magnificent, Fantasy",Ionian,Dataset/Deceptive_Resolution/Secondary/V7:II - bVImaj7/FourWayClose/G.mid
Bb,V7/II-bVImaj7,G7-F#maj7,Drop 2,"Joyful, Quaint, Cheerful",Ionian,Dataset/Deceptive_Resolution/Secondary/V7:II - bVImaj7/DropTwo/A#:Bb.mid
A,V7/II-bVImaj7,F#7-Fmaj7,Drop 2,"Joyful, Pastoral, Declaration of Love",Ionian,Dataset/Deceptive_Resolution/Secondary/V7:II - bVImaj7/DropTwo/A.mid
B,V7/II-bVImaj7,Ab7-Gmaj7,Drop 2,"Harsh, Strong, Wild, Rage",Ionian,Dataset/Deceptive_Resolution/Secondary/V7:II - bVImaj7/DropTwo/B:Cb.mid
Db,V7/II-bVImaj7,Bb7-Amaj7,Drop 2,"Grief, Depressive",Ionian,Dataset/Deceptive_Resolution/Secondary/V7:II - bVImaj7/DropTwo/C#:Db.mid
C,V7/II-bVImaj7,A7-Abmaj7,Drop 2,Innocently Happy,Ionian,Dataset/Deceptive_Resolution/Secondary/V7:II - bVImaj7/DropTwo/C:B#.mid
Eb,V7/II-bVImaj7,C7-Bmaj7,Drop 2,"Cruel, Hard, Yet Full of Devotion",Ionian,Dataset/Deceptive_Resolution/Secondary/V7:II - bVImaj7/DropTwo/D#:Eb.mid
D,V7/II-bVImaj7,B7-Bbmaj7,Drop 2,"Triumphant, Victorious War-Cries",Ionian,Dataset/Deceptive_Resolution/Secondary/V7:II - bVImaj7/DropTwo/D.mid
E,V7/II-bVImaj7,Db7-Cmaj7,Drop 2,"Quarrelsome, Boisterous, Incomplete Pleasure",Ionian,Dataset/Deceptive_Resolution/Secondary/V7:II - bVImaj7/DropTwo/E:Fb.mid
F#,V7/II-bVImaj7,Eb7-Dmaj7,Drop 2,"Conquering Difficulties, Sighs of Relief",Ionian,Dataset/Deceptive_Resolution/Secondary/V7:II - bVImaj7/DropTwo/F#:Gb.mid
F,V7/II-bVImaj7,D7-Dbmaj7,Drop 2,"Furious, Quick-Tempered, Passing Regret",Ionian,Dataset/Deceptive_Resolution/Secondary/V7:II - bVImaj7/DropTwo/F:E#.mid
Ab,V7/II-bVImaj7,F7-Emaj7,Drop 2,"Death, Eternity, Judgement",Ionian,Dataset/Deceptive_Resolution/Secondary/V7:II - bVImaj7/DropTwo/G#:Ab.mid
G,V7/II-bVImaj7,E7-Ebmaj7,Drop 2,"Serious, Magnificent, Fantasy",Ionian,Dataset/Deceptive_Resolution/Secondary/V7:II - bVImaj7/DropTwo/G.mid
Bb,V7/II-bVImaj7,G7-F#maj7,Drop 2+4,"Joyful, Quaint, Cheerful",Ionian,Dataset/Deceptive_Resolution/Secondary/V7:II - bVImaj7/DropTwoFour/A#:Bb.mid
A,V7/II-bVImaj7,F#7-Fmaj7,Drop 2+4,"Joyful, Pastoral, Declaration of Love",Ionian,Dataset/Deceptive_Resolution/Secondary/V7:II - bVImaj7/DropTwoFour/A.mid
B,V7/II-bVImaj7,Ab7-Gmaj7,Drop 2+4,"Harsh, Strong, Wild, Rage",Ionian,Dataset/Deceptive_Resolution/Secondary/V7:II - bVImaj7/DropTwoFour/B:Cb.mid
Db,V7/II-bVImaj7,Bb7-Amaj7,Drop 2+4,"Grief, Depressive",Ionian,Dataset/Deceptive_Resolution/Secondary/V7:II - bVImaj7/DropTwoFour/C#:Db.mid
C,V7/II-bVImaj7,A7-Abmaj7,Drop 2+4,Innocently Happy,Ionian,Dataset/Deceptive_Resolution/Secondary/V7:II - bVImaj7/DropTwoFour/C:B#.mid
Eb,V7/II-bVImaj7,C7-Bmaj7,Drop 2+4,"Cruel, Hard, Yet Full of Devotion",Ionian,Dataset/Deceptive_Resolution/Secondary/V7:II - bVImaj7/DropTwoFour/D#:Eb.mid
D,V7/II-bVImaj7,B7-Bbmaj7,Drop 2+4,"Triumphant, Victorious War-Cries",Ionian,Dataset/Deceptive_Resolution/Secondary/V7:II - bVImaj7/DropTwoFour/D.mid
E,V7/II-bVImaj7,Db7-Cmaj7,Drop 2+4,"Quarrelsome, Boisterous, Incomplete Pleasure",Ionian,Dataset/Deceptive_Resolution/Secondary/V7:II - bVImaj7/DropTwoFour/E:Fb.mid
F#,V7/II-bVImaj7,Eb7-Dmaj7,Drop 2+4,"Conquering Difficulties, Sighs of Relief",Ionian,Dataset/Deceptive_Resolution/Secondary/V7:II - bVImaj7/DropTwoFour/F#:Gb.mid
F,V7/II-bVImaj7,D7-Dbmaj7,Drop 2+4,"Furious, Quick-Tempered, Passing Regret",Ionian,Dataset/Deceptive_Resolution/Secondary/V7:II - bVImaj7/DropTwoFour/F:E#.mid
Ab,V7/II-bVImaj7,F7-Emaj7,Drop 2+4,"Death, Eternity, Judgement",Ionian,Dataset/Deceptive_Resolution/Secondary/V7:II - bVImaj7/DropTwoFour/G#:Ab.mid
G,V7/II-bVImaj7,E7-Ebmaj7,Drop 2+4,"Serious, Magnificent, Fantasy",Ionian,Dataset/Deceptive_Resolution/Secondary/V7:II - bVImaj7/DropTwoFour/G.mid
Bb,V7/II-bVImaj7,G7-F#maj7,Drop 3,"Joyful, Quaint, Cheerful",Ionian,Dataset/Deceptive_Resolution/Secondary/V7:II - bVImaj7/DropThree/A#:Bb.mid
A,V7/II-bVImaj7,F#7-Fmaj7,Drop 3,"Joyful, Pastoral, Declaration of Love",Ionian,Dataset/Deceptive_Resolution/Secondary/V7:II - bVImaj7/DropThree/A.mid
B,V7/II-bVImaj7,Ab7-Gmaj7,Drop 3,"Harsh, Strong, Wild, Rage",Ionian,Dataset/Deceptive_Resolution/Secondary/V7:II - bVImaj7/DropThree/B:Cb.mid
Db,V7/II-bVImaj7,Bb7-Amaj7,Drop 3,"Grief, Depressive",Ionian,Dataset/Deceptive_Resolution/Secondary/V7:II - bVImaj7/DropThree/C#:Db.mid
C,V7/II-bVImaj7,A7-Abmaj7,Drop 3,Innocently Happy,Ionian,Dataset/Deceptive_Resolution/Secondary/V7:II - bVImaj7/DropThree/C:B#.mid
Eb,V7/II-bVImaj7,C7-Bmaj7,Drop 3,"Cruel, Hard, Yet Full of Devotion",Ionian,Dataset/Deceptive_Resolution/Secondary/V7:II - bVImaj7/DropThree/D#:Eb.mid
D,V7/II-bVImaj7,B7-Bbmaj7,Drop 3,"Triumphant, Victorious War-Cries",Ionian,Dataset/Deceptive_Resolution/Secondary/V7:II - bVImaj7/DropThree/D.mid
E,V7/II-bVImaj7,Db7-Cmaj7,Drop 3,"Quarrelsome, Boisterous, Incomplete Pleasure",Ionian,Dataset/Deceptive_Resolution/Secondary/V7:II - bVImaj7/DropThree/E:Fb.mid
F#,V7/II-bVImaj7,Eb7-Dmaj7,Drop 3,"Conquering Difficulties, Sighs of Relief",Ionian,Dataset/Deceptive_Resolution/Secondary/V7:II - bVImaj7/DropThree/F#:Gb.mid
F,V7/II-bVImaj7,D7-Dbmaj7,Drop 3,"Furious, Quick-Tempered, Passing Regret",Ionian,Dataset/Deceptive_Resolution/Secondary/V7:II - bVImaj7/DropThree/F:E#.mid
Ab,V7/II-bVImaj7,F7-Emaj7,Drop 3,"Death, Eternity, Judgement",Ionian,Dataset/Deceptive_Resolution/Secondary/V7:II - bVImaj7/DropThree/G#:Ab.mid
G,V7/II-bVImaj7,E7-Ebmaj7,Drop 3,"Serious, Magnificent, Fantasy",Ionian,Dataset/Deceptive_Resolution/Secondary/V7:II - bVImaj7/DropThree/G.mid
Bb,IIm7-V7-Imaj7,Cm7-F7-Bbmaj7,Four-Way Close,"Joyful, Quaint, Cheerful",Ionian,Dataset/Fundamental_progression/IIm7-V7-Imaj7/FourWayClose/(A#_Bb)-IIm7-V7-Imaj7.mid
A,IIm7-V7-Imaj7,Bm7-E7-Amaj7,Four-Way Close,"Joyful, Pastoral, Declaration of Love",Ionian,Dataset/Fundamental_progression/IIm7-V7-Imaj7/FourWayClose/(A)-IIm7-V7-Imaj7.mid
B,IIm7-V7-Imaj7,Dbm7-F#7-Bmaj7,Four-Way Close,"Harsh, Strong, Wild, Rage",Ionian,Dataset/Fundamental_progression/IIm7-V7-Imaj7/FourWayClose/(B_Cb)-IIm7-V7-Imaj7.mid
Db,IIm7-V7-Imaj7,Ebm7-Ab7-Dbmaj7,Four-Way Close,"Grief, Depressive",Ionian,Dataset/Fundamental_progression/IIm7-V7-Imaj7/FourWayClose/(C#_Db)-IIm7-V7-Imaj7.mid
C,IIm7-V7-Imaj7,Dm7-G7-Cmaj7,Four-Way Close,Innocently Happy,Ionian,Dataset/Fundamental_progression/IIm7-V7-Imaj7/FourWayClose/(C_B#)-IIm7-V7-Imaj7.mid
Eb,IIm7-V7-Imaj7,Fm7-Bb7-Ebmaj7,Four-Way Close,"Cruel, Hard, Yet Full of Devotion",Ionian,Dataset/Fundamental_progression/IIm7-V7-Imaj7/FourWayClose/(D#_Eb)-IIm7-V7-Imaj7.mid
D,IIm7-V7-Imaj7,Em7-A7-Dmaj7,Four-Way Close,"Triumphant, Victorious War-Cries",Ionian,Dataset/Fundamental_progression/IIm7-V7-Imaj7/FourWayClose/(D)-IIm7-V7-Imaj7.mid
E,IIm7-V7-Imaj7,F#m7-B7-Emaj7,Four-Way Close,"Quarrelsome, Boisterous, Incomplete Pleasure",Ionian,Dataset/Fundamental_progression/IIm7-V7-Imaj7/FourWayClose/(E_Fb)-IIm7-V7-Imaj7.mid
F#,IIm7-V7-Imaj7,Abm7-Db7-F#maj7,Four-Way Close,"Conquering Difficulties, Sighs of Relief",Ionian,Dataset/Fundamental_progression/IIm7-V7-Imaj7/FourWayClose/(F#_Gb)-IIm7-V7-Imaj7.mid
F,IIm7-V7-Imaj7,Gm7-C7-Fmaj7,Four-Way Close,"Furious, Quick-Tempered, Passing Regret",Ionian,Dataset/Fundamental_progression/IIm7-V7-Imaj7/FourWayClose/(F_E#)-IIm7-V7-Imaj7.mid
Ab,IIm7-V7-Imaj7,Bbm7-Eb7-Abmaj7,Four-Way Close,"Death, Eternity, Judgement",Ionian,Dataset/Fundamental_progression/IIm7-V7-Imaj7/FourWayClose/(G#_Ab)-IIm7-V7-Imaj7.mid
G,IIm7-V7-Imaj7,Am7-D7-Gmaj7,Four-Way Close,"Serious, Magnificent, Fantasy",Ionian,Dataset/Fundamental_progression/IIm7-V7-Imaj7/FourWayClose/(G)-IIm7-V7-Imaj7.mid
Bb,IIm7-V7-Imaj7,Cm7-F7-Bbmaj7,Drop 2,"Joyful, Quaint, Cheerful",Ionian,Dataset/Fundamental_progression/IIm7-V7-Imaj7/DropTwo/(A#_Bb)-IIm7-V7-Imaj7.mid
A,IIm7-V7-Imaj7,Bm7-E7-Amaj7,Drop 2,"Joyful, Pastoral, Declaration of Love",Ionian,Dataset/Fundamental_progression/IIm7-V7-Imaj7/DropTwo/(A)-IIm7-V7-Imaj7.mid
B,IIm7-V7-Imaj7,Dbm7-F#7-Bmaj7,Drop 2,"Harsh, Strong, Wild, Rage",Ionian,Dataset/Fundamental_progression/IIm7-V7-Imaj7/DropTwo/(B_Cb)-IIm7-V7-Imaj7.mid
Db,IIm7-V7-Imaj7,Ebm7-Ab7-Dbmaj7,Drop 2,"Grief, Depressive",Ionian,Dataset/Fundamental_progression/IIm7-V7-Imaj7/DropTwo/(C#_Db)-IIm7-V7-Imaj7.mid
C,IIm7-V7-Imaj7,Dm7-G7-Cmaj7,Drop 2,Innocently Happy,Ionian,Dataset/Fundamental_progression/IIm7-V7-Imaj7/DropTwo/(C_B#)-IIm7-V7-Imaj7.mid
Eb,IIm7-V7-Imaj7,Fm7-Bb7-Ebmaj7,Drop 2,"Cruel, Hard, Yet Full of Devotion",Ionian,Dataset/Fundamental_progression/IIm7-V7-Imaj7/DropTwo/(D#_Eb)-IIm7-V7-Imaj7.mid
D,IIm7-V7-Imaj7,Em7-A7-Dmaj7,Drop 2,"Triumphant, Victorious War-Cries",Ionian,Dataset/Fundamental_progression/IIm7-V7-Imaj7/DropTwo/(D)-IIm7-V7-Imaj7.mid
E,IIm7-V7-Imaj7,F#m7-B7-Emaj7,Drop 2,"Quarrelsome, Boisterous, Incomplete Pleasure",Ionian,Dataset/Fundamental_progression/IIm7-V7-Imaj7/DropTwo/(E_Fb)-IIm7-V7-Imaj7.mid
F#,IIm7-V7-Imaj7,Abm7-Db7-F#maj7,Drop 2,"Conquering Difficulties, Sighs of Relief",Ionian,Dataset/Fundamental_progression/IIm7-V7-Imaj7/DropTwo/(F#_Gb)-IIm7-V7-Imaj7.mid
F,IIm7-V7-Imaj7,Gm7-C7-Fmaj7,Drop 2,"Furious, Quick-Tempered, Passing Regret",Ionian,Dataset/Fundamental_progression/IIm7-V7-Imaj7/DropTwo/(F_E#)-IIm7-V7-Imaj7.mid
Ab,IIm7-V7-Imaj7,Bbm7-Eb7-Abmaj7,Drop 2,"Death, Eternity, Judgement",Ionian,Dataset/Fundamental_progression/IIm7-V7-Imaj7/DropTwo/(G#_Ab)-IIm7-V7-Imaj7.mid
G,IIm7-V7-Imaj7,Am7-D7-Gmaj7,Drop 2,"Serious, Magnificent, Fantasy",Ionian,Dataset/Fundamental_progression/IIm7-V7-Imaj7/DropTwo/(G)-IIm7-V7-Imaj7.mid
Bb,IIm7-V7-Imaj7,Cm7-F7-Bbmaj7,Drop 2+4,"Joyful, Quaint, Cheerful",Ionian,Dataset/Fundamental_progression/IIm7-V7-Imaj7/DropTwoFour/(A#_Bb)-IIm7-V7-Imaj7.mid
A,IIm7-V7-Imaj7,Bm7-E7-Amaj7,Drop 2+4,"Joyful, Pastoral, Declaration of Love",Ionian,Dataset/Fundamental_progression/IIm7-V7-Imaj7/DropTwoFour/(A)-IIm7-V7-Imaj7.mid
B,IIm7-V7-Imaj7,Dbm7-F#7-Bmaj7,Drop 2+4,"Harsh, Strong, Wild, Rage",Ionian,Dataset/Fundamental_progression/IIm7-V7-Imaj7/DropTwoFour/(B_Cb)-IIm7-V7-Imaj7.mid
Db,IIm7-V7-Imaj7,Ebm7-Ab7-Dbmaj7,Drop 2+4,"Grief, Depressive",Ionian,Dataset/Fundamental_progression/IIm7-V7-Imaj7/DropTwoFour/(C#_Db)-IIm7-V7-Imaj7.mid
C,IIm7-V7-Imaj7,Dm7-G7-Cmaj7,Drop 2+4,Innocently Happy,Ionian,Dataset/Fundamental_progression/IIm7-V7-Imaj7/DropTwoFour/(C_B#)-IIm7-V7-Imaj7.mid
Eb,IIm7-V7-Imaj7,Fm7-Bb7-Ebmaj7,Drop 2+4,"Cruel, Hard, Yet Full of Devotion",Ionian,Dataset/Fundamental_progression/IIm7-V7-Imaj7/DropTwoFour/(D#_Eb)-IIm7-V7-Imaj7.mid
D,IIm7-V7-Imaj7,Em7-A7-Dmaj7,Drop 2+4,"Triumphant, Victorious War-Cries",Ionian,Dataset/Fundamental_progression/IIm7-V7-Imaj7/DropTwoFour/(D)-IIm7-V7-Imaj7.mid
E,IIm7-V7-Imaj7,F#m7-B7-Emaj7,Drop 2+4,"Quarrelsome, Boisterous, Incomplete Pleasure",Ionian,Dataset/Fundamental_progression/IIm7-V7-Imaj7/DropTwoFour/(E_Fb)-IIm7-V7-Imaj7.mid
F#,IIm7-V7-Imaj7,Abm7-Db7-F#maj7,Drop 2+4,"Conquering Difficulties, Sighs of Relief",Ionian,Dataset/Fundamental_progression/IIm7-V7-Imaj7/DropTwoFour/(F#_Gb)-IIm7-V7-Imaj7.mid
F,IIm7-V7-Imaj7,Gm7-C7-Fmaj7,Drop 2+4,"Furious, Quick-Tempered, Passing Regret",Ionian,Dataset/Fundamental_progression/IIm7-V7-Imaj7/DropTwoFour/(F_E#)-IIm7-V7-Imaj7.mid
Ab,IIm7-V7-Imaj7,Bbm7-Eb7-Abmaj7,Drop 2+4,"Death, Eternity, Judgement",Ionian,Dataset/Fundamental_progression/IIm7-V7-Imaj7/DropTwoFour/(G#_Ab)-IIm7-V7-Imaj7.mid
G,IIm7-V7-Imaj7,Am7-D7-Gmaj7,Drop 2+4,"Serious, Magnificent, Fantasy",Ionian,Dataset/Fundamental_progression/IIm7-V7-Imaj7/DropTwoFour/(G)-IIm7-V7-Imaj7.mid
Bb,IIm7-V7-Imaj7,Cm7-F7-Bbmaj7,Drop 3,"Joyful, Quaint, Cheerful",Ionian,Dataset/Fundamental_progression/IIm7-V7-Imaj7/DropThree/(A#_Bb)-IIm7-V7-Imaj7.mid
A,IIm7-V7-Imaj7,Bm7-E7-Amaj7,Drop 3,"Joyful, Pastoral, Declaration of Love",Ionian,Dataset/Fundamental_progression/IIm7-V7-Imaj7/DropThree/(A)-IIm7-V7-Imaj7.mid
B,IIm7-V7-Imaj7,Dbm7-F#7-Bmaj7,Drop 3,"Harsh, Strong, Wild, Rage",Ionian,Dataset/Fundamental_progression/IIm7-V7-Imaj7/DropThree/(B_Cb)-IIm7-V7-Imaj7.mid
Db,IIm7-V7-Imaj7,Ebm7-Ab7-Dbmaj7,Drop 3,"Grief, Depressive",Ionian,Dataset/Fundamental_progression/IIm7-V7-Imaj7/DropThree/(C#_Db)-IIm7-V7-Imaj7.mid
C,IIm7-V7-Imaj7,Dm7-G7-Cmaj7,Drop 3,Innocently Happy,Ionian,Dataset/Fundamental_progression/IIm7-V7-Imaj7/DropThree/(C_B#)-IIm7-V7-Imaj7.mid
Eb,IIm7-V7-Imaj7,Fm7-Bb7-Ebmaj7,Drop 3,"Cruel, Hard, Yet Full of Devotion",Ionian,Dataset/Fundamental_progression/IIm7-V7-Imaj7/DropThree/(D#_Eb)-IIm7-V7-Imaj7.mid
D,IIm7-V7-Imaj7,Em7-A7-Dmaj7,Drop 3,"Triumphant, Victorious War-Cries",Ionian,Dataset/Fundamental_progression/IIm7-V7-Imaj7/DropThree/(D)-IIm7-V7-Imaj7.mid
E,IIm7-V7-Imaj7,F#m7-B7-Emaj7,Drop 3,"Quarrelsome, Boisterous, Incomplete Pleasure",Ionian,Dataset/Fundamental_progression/IIm7-V7-Imaj7/DropThree/(E_Fb)-IIm7-V7-Imaj7.mid
F#,IIm7-V7-Imaj7,Abm7-Db7-F#maj7,Drop 3,"Conquering Difficulties, Sighs of Relief",Ionian,Dataset/Fundamental_progression/IIm7-V7-Imaj7/DropThree/(F#_Gb)-IIm7-V7-Imaj7.mid
F,IIm7-V7-Imaj7,Gm7-C7-Fmaj7,Drop 3,"Furious, Quick-Tempered, Passing Regret",Ionian,Dataset/Fundamental_progression/IIm7-V7-Imaj7/DropThree/(F_E#)-IIm7-V7-Imaj7.mid
Ab,IIm7-V7-Imaj7,Bbm7-Eb7-Abmaj7,Drop 3,"Death, Eternity, Judgement",Ionian,Dataset/Fundamental_progression/IIm7-V7-Imaj7/DropThree/(G#_Ab)-IIm7-V7-Imaj7.mid
G,IIm7-V7-Imaj7,Am7-D7-Gmaj7,Drop 3,"Serious, Magnificent, Fantasy",Ionian,Dataset/Fundamental_progression/IIm7-V7-Imaj7/DropThree/(G)-IIm7-V7-Imaj7.mid
Bb minor,IIm7b5-V7-Im7,Cm7b5-F7-Bbm7,Four-Way Close,"Terrible, the Night, Mocking",Harmonic minor,Dataset/Fundamental_progression/IIm7b5-V7-Im7/FourWayClose/(A#:Bb)-IIm7b5-V7-Im7.mid
A minor,IIm7b5-V7-Im7,Bm7b5-E7-Am7,Four-Way Close,"Tender, Plaintive, Pious",Harmonic minor,Dataset/Fundamental_progression/IIm7b5-V7-Im7/FourWayClose/(A)-IIm7b5-V7-Im7.mid
B minor,IIm7b5-V7-Im7,C#m7b5-F#7-Bm7,Four-Way Close,"Solitary, Melancholic, Patience",Harmonic minor,Dataset/Fundamental_progression/IIm7b5-V7-Im7/FourWayClose/(B:Cb)-IIm7b5-V7-Im7.mid
C# minor,IIm7b5-V7-Im7,Ebm7b5-Ab7-C#m7,Four-Way Close,"Despair, Wailing, Weeping",Harmonic minor,Dataset/Fundamental_progression/IIm7b5-V7-Im7/FourWayClose/(C#:Db)-IIm7b5-V7-Im7.mid
C minor,IIm7b5-V7-Im7,Dm7b5-G7-Cm7,Four-Way Close,"Innocently Sad, Love-Sick",Harmonic minor,Dataset/Fundamental_progression/IIm7b5-V7-Im7/FourWayClose/(C:B#)-IIm7b5-V7-Im7.mid
Eb minor,IIm7b5-V7-Im7,Fm7b5-Bb7-Ebm7,Four-Way Close,"Deep Distress, Existential Angst",Harmonic minor,Dataset/Fundamental_progression/IIm7b5-V7-Im7/FourWayClose/(D#:Eb)-IIm7b5-V7-Im7.mid
D minor,IIm7b5-V7-Im7,Em7b5-A7-Dm7,Four-Way Close,"Serious, Pious, Ruminating",Harmonic minor,Dataset/Fundamental_progression/IIm7b5-V7-Im7/FourWayClose/(D)-IIm7b5-V7-Im7.mid
E minor,IIm7b5-V7-Im7,F#m7b5-B7-Em7,Four-Way Close,"Effeminate, Amorous, Restless",Harmonic minor,Dataset/Fundamental_progression/IIm7b5-V7-Im7/FourWayClose/(E:Fb)-IIm7b5-V7-Im7.mid
F# minor,IIm7b5-V7-Im7,Abm7b5-C#7-F#m7,Four-Way Close,"Gloomy, Passionate Resentment",Harmonic minor,Dataset/Fundamental_progression/IIm7b5-V7-Im7/FourWayClose/(F#:Gb)-IIm7b5-V7-Im7.mid
F minor,IIm7b5-V7-Im7,Gm7b5-C7-Fm7,Four-Way Close,"Obscure, Plaintive, Funereal",Harmonic minor,Dataset/Fundamental_progression/IIm7b5-V7-Im7/FourWayClose/(F:E#)-IIm7b5-V7-Im7.mid
Ab minor,IIm7b5-V7-Im7,Bbm7b5-Eb7-Abm7,Four-Way Close,"Grumbling, Moaning, Wailing",Harmonic minor,Dataset/Fundamental_progression/IIm7b5-V7-Im7/FourWayClose/(G#:Ab)-IIm7b5-V7-Im7.mid
G minor,IIm7b5-V7-Im7,Am7b5-D7-Gm7,Four-Way Close,"Discontent, Uneasiness",Harmonic minor,Dataset/Fundamental_progression/IIm7b5-V7-Im7/FourWayClose/(G)-IIm7b5-V7-Im7.mid
Bb minor,IIm7b5-V7-Im7,Cm7b5-F7-Bbm7,Drop 2,"Terrible, the Night, Mocking",Harmonic minor,Dataset/Fundamental_progression/IIm7b5-V7-Im7/DropTwo/(A#:Bb)-IIm7b5-V7-Im7.mid
A minor,IIm7b5-V7-Im7,Bm7b5-E7-Am7,Drop 2,"Tender, Plaintive, Pious",Harmonic minor,Dataset/Fundamental_progression/IIm7b5-V7-Im7/DropTwo/(A)-IIm7b5-V7-Im7.mid
B minor,IIm7b5-V7-Im7,C#m7b5-F#7-Bm7,Drop 2,"Solitary, Melancholic, Patience",Harmonic minor,Dataset/Fundamental_progression/IIm7b5-V7-Im7/DropTwo/(B:Cb)-IIm7b5-V7-Im7.mid
C# minor,IIm7b5-V7-Im7,Ebm7b5-Ab7-C#m7,Drop 2,"Despair, Wailing, Weeping",Harmonic minor,Dataset/Fundamental_progression/IIm7b5-V7-Im7/DropTwo/(C#:Db)-IIm7b5-V7-Im7.mid
C minor,IIm7b5-V7-Im7,Dm7b5-G7-Cm7,Drop 2,"Innocently Sad, Love-Sick",Harmonic minor,Dataset/Fundamental_progression/IIm7b5-V7-Im7/DropTwo/(C:B#)-IIm7b5-V7-Im7.mid
Eb minor,IIm7b5-V7-Im7,Fm7b5-Bb7-Ebm7,Drop 2,"Deep Distress, Existential Angst",Harmonic minor,Dataset/Fundamental_progression/IIm7b5-V7-Im7/DropTwo/(D#:Eb)-IIm7b5-V7-Im7.mid
D minor,IIm7b5-V7-Im7,Em7b5-A7-Dm7,Drop 2,"Serious, Pious, Ruminating",Harmonic minor,Dataset/Fundamental_progression/IIm7b5-V7-Im7/DropTwo/(D)-IIm7b5-V7-Im7.mid
E minor,IIm7b5-V7-Im7,F#m7b5-B7-Em7,Drop 2,"Effeminate, Amorous, Restless",Harmonic minor,Dataset/Fundamental_progression/IIm7b5-V7-Im7/DropTwo/(E:Fb)-IIm7b5-V7-Im7.mid
F# minor,IIm7b5-V7-Im7,Abm7b5-C#7-F#m7,Drop 2,"Gloomy, Passionate Resentment",Harmonic minor,Dataset/Fundamental_progression/IIm7b5-V7-Im7/DropTwo/(F#:Gb)-IIm7b5-V7-Im7.mid
F minor,IIm7b5-V7-Im7,Gm7b5-C7-Fm7,Drop 2,"Obscure, Plaintive, Funereal",Harmonic minor,Dataset/Fundamental_progression/IIm7b5-V7-Im7/DropTwo/(F:E#)-IIm7b5-V7-Im7.mid
Ab minor,IIm7b5-V7-Im7,Bbm7b5-Eb7-Abm7,Drop 2,"Grumbling, Moaning, Wailing",Harmonic minor,Dataset/Fundamental_progression/IIm7b5-V7-Im7/DropTwo/(G#:Ab)-IIm7b5-V7-Im7.mid
G minor,IIm7b5-V7-Im7,Am7b5-D7-Gm7,Drop 2,"Discontent, Uneasiness",Harmonic minor,Dataset/Fundamental_progression/IIm7b5-V7-Im7/DropTwo/(G)-IIm7b5-V7-Im7.mid
Bb minor,IIm7b5-V7-Im7,Cm7b5-F7-Bbm7,Drop 2+4,"Terrible, the Night, Mocking",Harmonic minor,Dataset/Fundamental_progression/IIm7b5-V7-Im7/DropTwoFour/(A#:Bb)-IIm7b5-V7-Im7.mid
A minor,IIm7b5-V7-Im7,Bm7b5-E7-Am7,Drop 2+4,"Tender, Plaintive, Pious",Harmonic minor,Dataset/Fundamental_progression/IIm7b5-V7-Im7/DropTwoFour/(A)-IIm7b5-V7-Im7.mid
B minor,IIm7b5-V7-Im7,C#m7b5-F#7-Bm7,Drop 2+4,"Solitary, Melancholic, Patience",Harmonic minor,Dataset/Fundamental_progression/IIm7b5-V7-Im7/DropTwoFour/(B:Cb)-IIm7b5-V7-Im7.mid
C# minor,IIm7b5-V7-Im7,Ebm7b5-Ab7-C#m7,Drop 2+4,"Despair, Wailing, Weeping",Harmonic minor,Dataset/Fundamental_progression/IIm7b5-V7-Im7/DropTwoFour/(C#:Db)-IIm7b5-V7-Im7.mid
C minor,IIm7b5-V7-Im7,Dm7b5-G7-Cm7,Drop 2+4,"Innocently Sad, Love-Sick",Harmonic minor,Dataset/Fundamental_progression/IIm7b5-V7-Im7/DropTwoFour/(C:B#)-IIm7b5-V7-Im7.mid
Eb minor,IIm7b5-V7-Im7,Fm7b5-Bb7-Ebm7,Drop 2+4,"Deep Distress, Existential Angst",Harmonic minor,Dataset/Fundamental_progression/IIm7b5-V7-Im7/DropTwoFour/(D#:Eb)-IIm7b5-V7-Im7.mid
D minor,IIm7b5-V7-Im7,Em7b5-A7-Dm7,Drop 2+4,"Serious, Pious, Ruminating",Harmonic minor,Dataset/Fundamental_progression/IIm7b5-V7-Im7/DropTwoFour/(D)-IIm7b5-V7-Im7.mid
E minor,IIm7b5-V7-Im7,F#m7b5-B7-Em7,Drop 2+4,"Effeminate, Amorous, Restless",Harmonic minor,Dataset/Fundamental_progression/IIm7b5-V7-Im7/DropTwoFour/(E:Fb)-IIm7b5-V7-Im7.mid
F# minor,IIm7b5-V7-Im7,Abm7b5-C#7-F#m7,Drop 2+4,"Gloomy, Passionate Resentment",Harmonic minor,Dataset/Fundamental_progression/IIm7b5-V7-Im7/DropTwoFour/(F#:Gb)-IIm7b5-V7-Im7.mid
F minor,IIm7b5-V7-Im7,Gm7b5-C7-Fm7,Drop 2+4,"Obscure, Plaintive, Funereal",Harmonic minor,Dataset/Fundamental_progression/IIm7b5-V7-Im7/DropTwoFour/(F:E#)-IIm7b5-V7-Im7.mid
Ab minor,IIm7b5-V7-Im7,Bbm7b5-Eb7-Abm7,Drop 2+4,"Grumbling, Moaning, Wailing",Harmonic minor,Dataset/Fundamental_progression/IIm7b5-V7-Im7/DropTwoFour/(G#:Ab)-IIm7b5-V7-Im7.mid
G minor,IIm7b5-V7-Im7,Am7b5-D7-Gm7,Drop 2+4,"Discontent, Uneasiness",Harmonic minor,Dataset/Fundamental_progression/IIm7b5-V7-Im7/DropTwoFour/(G)-IIm7b5-V7-Im7.mid
Bb minor,IIm7b5-V7-Im7,Cm7b5-F7-Bbm7,Drop 3,"Terrible, the Night, Mocking",Harmonic minor,Dataset/Fundamental_progression/IIm7b5-V7-Im7/DropThree/(A#:Bb)-IIm7b5-V7-Im7.mid
A minor,IIm7b5-V7-Im7,Bm7b5-E7-Am7,Drop 3,"Tender, Plaintive, Pious",Harmonic minor,Dataset/Fundamental_progression/IIm7b5-V7-Im7/DropThree/(A)-IIm7b5-V7-Im7.mid
B minor,IIm7b5-V7-Im7,C#m7b5-F#7-Bm7,Drop 3,"Solitary, Melancholic, Patience",Harmonic minor,Dataset/Fundamental_progression/IIm7b5-V7-Im7/DropThree/(B:Cb)-IIm7b5-V7-Im7.mid
C# minor,IIm7b5-V7-Im7,Ebm7b5-Ab7-C#m7,Drop 3,"Despair, Wailing, Weeping",Harmonic minor,Dataset/Fundamental_progression/IIm7b5-V7-Im7/DropThree/(C#:Db)-IIm7b5-V7-Im7.mid
C minor,IIm7b5-V7-Im7,Dm7b5-G7-Cm7,Drop 3,"Innocently Sad, Love-Sick",Harmonic minor,Dataset/Fundamental_progression/IIm7b5-V7-Im7/DropThree/(C:B#)-IIm7b5-V7-Im7.mid
Eb minor,IIm7b5-V7-Im7,Fm7b5-Bb7-Ebm7,Drop 3,"Deep Distress, Existential Angst",Harmonic minor,Dataset/Fundamental_progression/IIm7b5-V7-Im7/DropThree/(D#:Eb)-IIm7b5-V7-Im7.mid
D minor,IIm7b5-V7-Im7,Em7b5-A7-Dm7,Drop 3,"Serious, Pious, Ruminating",Harmonic minor,Dataset/Fundamental_progression/IIm7b5-V7-Im7/DropThree/(D)-IIm7b5-V7-Im7.mid
E minor,IIm7b5-V7-Im7,F#m7b5-B7-Em7,Drop 3,"Effeminate, Amorous, Restless",Harmonic minor,Dataset/Fundamental_progression/IIm7b5-V7-Im7/DropThree/(E:Fb)-IIm7b5-V7-Im7.mid
F# minor,IIm7b5-V7-Im7,Abm7b5-C#7-F#m7,Drop 3,"Gloomy, Passionate Resentment",Harmonic minor,Dataset/Fundamental_progression/IIm7b5-V7-Im7/DropThree/(F#:Gb)-IIm7b5-V7-Im7.mid
F minor,IIm7b5-V7-Im7,Gm7b5-C7-Fm7,Drop 3,"Obscure, Plaintive, Funereal",Harmonic minor,Dataset/Fundamental_progression/IIm7b5-V7-Im7/DropThree/(F:E#)-IIm7b5-V7-Im7.mid
Ab minor,IIm7b5-V7-Im7,Bbm7b5-Eb7-Abm7,Drop 3,"Grumbling, Moaning, Wailing",Harmonic minor,Dataset/Fundamental_progression/IIm7b5-V7-Im7/DropThree/(G#:Ab)-IIm7b5-V7-Im7.mid
G minor,IIm7b5-V7-Im7,Am7b5-D7-Gm7,Drop 3,"Discontent, Uneasiness",Harmonic minor,Dataset/Fundamental_progression/IIm7b5-V7-Im7/DropThree/(G)-IIm7b5-V7-Im7.mid
Bb minor,IVm6-Imaj7,Ebm6-Bbmaj7,Four-Way Close,"Terrible, the Night, Mocking",Harmonic minor,Dataset/Fundamental_progression/IVm6-Imaj7/FourWayClose/A#:Bb.mid
A minor,IVm6-Imaj7,Dm6-Amaj7,Four-Way Close,"Tender, Plaintive, Pious",Harmonic minor,Dataset/Fundamental_progression/IVm6-Imaj7/FourWayClose/A.mid
B minor,IVm6-Imaj7,Em6-Bmaj7,Four-Way Close,"Solitary, Melancholic, Patience",Harmonic minor,Dataset/Fundamental_progression/IVm6-Imaj7/FourWayClose/B:Cb.mid
C# minor,IVm6-Imaj7,F#m6-C#maj7,Four-Way Close,"Despair, Wailing, Weeping",Harmonic minor,Dataset/Fundamental_progression/IVm6-Imaj7/FourWayClose/C#:Db.mid
C minor,IVm6-Imaj7,Fm6-Cmaj7,Four-Way Close,"Innocently Sad, Love-Sick",Harmonic minor,Dataset/Fundamental_progression/IVm6-Imaj7/FourWayClose/C:B#.mid
Eb minor,IVm6-Imaj7,Abm6-Ebmaj7,Four-Way Close,"Deep Distress, Existential Angst",Harmonic minor,Dataset/Fundamental_progression/IVm6-Imaj7/FourWayClose/D#:Eb.mid
D minor,IVm6-Imaj7,Gm6-Dmaj7,Four-Way Close,"Serious, Pious, Ruminating",Harmonic minor,Dataset/Fundamental_progression/IVm6-Imaj7/FourWayClose/D.mid
E minor,IVm6-Imaj7,Am6-Emaj7,Four-Way Close,"Effeminate, Amorous, Restless",Harmonic minor,Dataset/Fundamental_progression/IVm6-Imaj7/FourWayClose/E:Fb.mid
F# minor,IVm6-Imaj7,Bm6-F#maj7,Four-Way Close,"Gloomy, Passionate Resentment",Harmonic minor,Dataset/Fundamental_progression/IVm6-Imaj7/FourWayClose/F#:Gb.mid
F minor,IVm6-Imaj7,Bbm6-Fmaj7,Four-Way Close,"Obscure, Plaintive, Funereal",Harmonic minor,Dataset/Fundamental_progression/IVm6-Imaj7/FourWayClose/F:E#.mid
Ab minor,IVm6-Imaj7,C#m6-Abmaj7,Four-Way Close,"Grumbling, Moaning, Wailing",Harmonic minor,Dataset/Fundamental_progression/IVm6-Imaj7/FourWayClose/G#:Ab.mid
G minor,IVm6-Imaj7,Cm6-Gmaj7,Four-Way Close,"Discontent, Uneasiness",Harmonic minor,Dataset/Fundamental_progression/IVm6-Imaj7/FourWayClose/G.mid
Bb minor,IVm6-Imaj7,Ebm6-Bbmaj7,Drop 2,"Terrible, the Night, Mocking",Harmonic minor,Dataset/Fundamental_progression/IVm6-Imaj7/DropTwo/A#:Bb.mid
A minor,IVm6-Imaj7,Dm6-Amaj7,Drop 2,"Tender, Plaintive, Pious",Harmonic minor,Dataset/Fundamental_progression/IVm6-Imaj7/DropTwo/A.mid
B minor,IVm6-Imaj7,Em6-Bmaj7,Drop 2,"Solitary, Melancholic, Patience",Harmonic minor,Dataset/Fundamental_progression/IVm6-Imaj7/DropTwo/B:Cb.mid
C# minor,IVm6-Imaj7,F#m6-C#maj7,Drop 2,"Despair, Wailing, Weeping",Harmonic minor,Dataset/Fundamental_progression/IVm6-Imaj7/DropTwo/C#:Db.mid
C minor,IVm6-Imaj7,Fm6-Cmaj7,Drop 2,"Innocently Sad, Love-Sick",Harmonic minor,Dataset/Fundamental_progression/IVm6-Imaj7/DropTwo/C:B#.mid
Eb minor,IVm6-Imaj7,Abm6-Ebmaj7,Drop 2,"Deep Distress, Existential Angst",Harmonic minor,Dataset/Fundamental_progression/IVm6-Imaj7/DropTwo/D#:Eb.mid
D minor,IVm6-Imaj7,Gm6-Dmaj7,Drop 2,"Serious, Pious, Ruminating",Harmonic minor,Dataset/Fundamental_progression/IVm6-Imaj7/DropTwo/D.mid
E minor,IVm6-Imaj7,Am6-Emaj7,Drop 2,"Effeminate, Amorous, Restless",Harmonic minor,Dataset/Fundamental_progression/IVm6-Imaj7/DropTwo/E:Fb.mid
F# minor,IVm6-Imaj7,Bm6-F#maj7,Drop 2,"Gloomy, Passionate Resentment",Harmonic minor,Dataset/Fundamental_progression/IVm6-Imaj7/DropTwo/F#:Gb.mid
F minor,IVm6-Imaj7,Bbm6-Fmaj7,Drop 2,"Obscure, Plaintive, Funereal",Harmonic minor,Dataset/Fundamental_progression/IVm6-Imaj7/DropTwo/F:E#.mid
Ab minor,IVm6-Imaj7,C#m6-Abmaj7,Drop 2,"Grumbling, Moaning, Wailing",Harmonic minor,Dataset/Fundamental_progression/IVm6-Imaj7/DropTwo/G#:Ab.mid
G minor,IVm6-Imaj7,Cm6-Gmaj7,Drop 2,"Discontent, Uneasiness",Harmonic minor,Dataset/Fundamental_progression/IVm6-Imaj7/DropTwo/G.mid
Bb minor,IVm6-Imaj7,Ebm6-Bbmaj7,Drop 2+4,"Terrible, the Night, Mocking",Harmonic minor,Dataset/Fundamental_progression/IVm6-Imaj7/DropTwoFour/A#:Bb.mid
A minor,IVm6-Imaj7,Dm6-Amaj7,Drop 2+4,"Tender, Plaintive, Pious",Harmonic minor,Dataset/Fundamental_progression/IVm6-Imaj7/DropTwoFour/A.mid
B minor,IVm6-Imaj7,Em6-Bmaj7,Drop 2+4,"Solitary, Melancholic, Patience",Harmonic minor,Dataset/Fundamental_progression/IVm6-Imaj7/DropTwoFour/B:Cb.mid
C# minor,IVm6-Imaj7,F#m6-C#maj7,Drop 2+4,"Despair, Wailing, Weeping",Harmonic minor,Dataset/Fundamental_progression/IVm6-Imaj7/DropTwoFour/C#:Db.mid
C minor,IVm6-Imaj7,Fm6-Cmaj7,Drop 2+4,"Innocently Sad, Love-Sick",Harmonic minor,Dataset/Fundamental_progression/IVm6-Imaj7/DropTwoFour/C:B#.mid
Eb minor,IVm6-Imaj7,Abm6-Ebmaj7,Drop 2+4,"Deep Distress, Existential Angst",Harmonic minor,Dataset/Fundamental_progression/IVm6-Imaj7/DropTwoFour/D#:Eb.mid
D minor,IVm6-Imaj7,Gm6-Dmaj7,Drop 2+4,"Serious, Pious, Ruminating",Harmonic minor,Dataset/Fundamental_progression/IVm6-Imaj7/DropTwoFour/D.mid
E minor,IVm6-Imaj7,Am6-Emaj7,Drop 2+4,"Effeminate, Amorous, Restless",Harmonic minor,Dataset/Fundamental_progression/IVm6-Imaj7/DropTwoFour/E:Fb.mid
F# minor,IVm6-Imaj7,Bm6-F#maj7,Drop 2+4,"Gloomy, Passionate Resentment",Harmonic minor,Dataset/Fundamental_progression/IVm6-Imaj7/DropTwoFour/F#:Gb.mid
F minor,IVm6-Imaj7,Bbm6-Fmaj7,Drop 2+4,"Obscure, Plaintive, Funereal",Harmonic minor,Dataset/Fundamental_progression/IVm6-Imaj7/DropTwoFour/F:E#.mid
Ab minor,IVm6-Imaj7,C#m6-Abmaj7,Drop 2+4,"Grumbling, Moaning, Wailing",Harmonic minor,Dataset/Fundamental_progression/IVm6-Imaj7/DropTwoFour/G#:Ab.mid
G minor,IVm6-Imaj7,Cm6-Gmaj7,Drop 2+4,"Discontent, Uneasiness",Harmonic minor,Dataset/Fundamental_progression/IVm6-Imaj7/DropTwoFour/G.mid
Bb minor,IVm6-Imaj7,Ebm6-Bbmaj7,Drop 3,"Terrible, the Night, Mocking",Harmonic minor,Dataset/Fundamental_progression/IVm6-Imaj7/DropThree/A#:Bb.mid
A minor,IVm6-Imaj7,Dm6-Amaj7,Drop 3,"Tender, Plaintive, Pious",Harmonic minor,Dataset/Fundamental_progression/IVm6-Imaj7/DropThree/A.mid
B minor,IVm6-Imaj7,Em6-Bmaj7,Drop 3,"Solitary, Melancholic, Patience",Harmonic minor,Dataset/Fundamental_progression/IVm6-Imaj7/DropThree/B:Cb.mid
C# minor,IVm6-Imaj7,F#m6-C#maj7,Drop 3,"Despair, Wailing, Weeping",Harmonic minor,Dataset/Fundamental_progression/IVm6-Imaj7/DropThree/C#:Db.mid
C minor,IVm6-Imaj7,Fm6-Cmaj7,Drop 3,"Innocently Sad, Love-Sick",Harmonic minor,Dataset/Fundamental_progression/IVm6-Imaj7/DropThree/C:B#.mid
Eb minor,IVm6-Imaj7,Abm6-Ebmaj7,Drop 3,"Deep Distress, Existential Angst",Harmonic minor,Dataset/Fundamental_progression/IVm6-Imaj7/DropThree/D#:Eb.mid
D minor,IVm6-Imaj7,Gm6-Dmaj7,Drop 3,"Serious, Pious, Ruminating",Harmonic minor,Dataset/Fundamental_progression/IVm6-Imaj7/DropThree/D.mid
E minor,IVm6-Imaj7,Am6-Emaj7,Drop 3,"Effeminate, Amorous, Restless",Harmonic minor,Dataset/Fundamental_progression/IVm6-Imaj7/DropThree/E:Fb.mid
F# minor,IVm6-Imaj7,Bm6-F#maj7,Drop 3,"Gloomy, Passionate Resentment",Harmonic minor,Dataset/Fundamental_progression/IVm6-Imaj7/DropThree/F#:Gb.mid
F minor,IVm6-Imaj7,Bbm6-Fmaj7,Drop 3,"Obscure, Plaintive, Funereal",Harmonic minor,Dataset/Fundamental_progression/IVm6-Imaj7/DropThree/F:E#.mid
Ab minor,IVm6-Imaj7,C#m6-Abmaj7,Drop 3,"Grumbling, Moaning, Wailing",Harmonic minor,Dataset/Fundamental_progression/IVm6-Imaj7/DropThree/G#:Ab.mid
G minor,IVm6-Imaj7,Cm6-Gmaj7,Drop 3,"Discontent, Uneasiness",Harmonic minor,Dataset/Fundamental_progression/IVm6-Imaj7/DropThree/G.mid
Bb minor,IVm7-V7-Im7,Ebm7-F7-Bbm7,Four-Way Close,"Terrible, the Night, Mocking",Harmonic minor,Dataset/Fundamental_progression/IVm7-V7-Im7/FourWayClose/A#:Bb.mid
A minor,IVm7-V7-Im7,Dm7-E7-Am7,Four-Way Close,"Tender, Plaintive, Pious",Harmonic minor,Dataset/Fundamental_progression/IVm7-V7-Im7/FourWayClose/A.mid
B minor,IVm7-V7-Im7,Em7-F#7-Bm7,Four-Way Close,"Solitary, Melancholic, Patience",Harmonic minor,Dataset/Fundamental_progression/IVm7-V7-Im7/FourWayClose/B:Cb.mid
C# minor,IVm7-V7-Im7,F#m7-Ab7-C#m7,Four-Way Close,"Despair, Wailing, Weeping",Harmonic minor,Dataset/Fundamental_progression/IVm7-V7-Im7/FourWayClose/C#:Db.mid
C minor,IVm7-V7-Im7,Fm7-G7-Cm7,Four-Way Close,"Innocently Sad, Love-Sick",Harmonic minor,Dataset/Fundamental_progression/IVm7-V7-Im7/FourWayClose/C:B#.mid
Eb minor,IVm7-V7-Im7,Abm7-Bb7-Ebm7,Four-Way Close,"Deep Distress, Existential Angst",Harmonic minor,Dataset/Fundamental_progression/IVm7-V7-Im7/FourWayClose/D#:Eb.mid
D minor,IVm7-V7-Im7,Gm7-A7-Dm7,Four-Way Close,"Serious, Pious, Ruminating",Harmonic minor,Dataset/Fundamental_progression/IVm7-V7-Im7/FourWayClose/D.mid
E minor,IVm7-V7-Im7,Am7-B7-Em7,Four-Way Close,"Effeminate, Amorous, Restless",Harmonic minor,Dataset/Fundamental_progression/IVm7-V7-Im7/FourWayClose/E:Fb.mid
F# minor,IVm7-V7-Im7,Bm7-C#7-F#m7,Four-Way Close,"Gloomy, Passionate Resentment",Harmonic minor,Dataset/Fundamental_progression/IVm7-V7-Im7/FourWayClose/F#:Gb.mid
F minor,IVm7-V7-Im7,Bbm7-C7-Fm7,Four-Way Close,"Obscure, Plaintive, Funereal",Harmonic minor,Dataset/Fundamental_progression/IVm7-V7-Im7/FourWayClose/F:E#.mid
Ab minor,IVm7-V7-Im7,C#m7-Eb7-Abm7,Four-Way Close,"Grumbling, Moaning, Wailing",Harmonic minor,Dataset/Fundamental_progression/IVm7-V7-Im7/FourWayClose/G#:Ab.mid
G minor,IVm7-V7-Im7,Cm7-D7-Gm7,Four-Way Close,"Discontent, Uneasiness",Harmonic minor,Dataset/Fundamental_progression/IVm7-V7-Im7/FourWayClose/G.mid
Bb minor,IVm7-V7-Im7,Ebm7-F7-Bbm7,Drop 2,"Terrible, the Night, Mocking",Harmonic minor,Dataset/Fundamental_progression/IVm7-V7-Im7/DropTwo/A#:Bb.mid
A minor,IVm7-V7-Im7,Dm7-E7-Am7,Drop 2,"Tender, Plaintive, Pious",Harmonic minor,Dataset/Fundamental_progression/IVm7-V7-Im7/DropTwo/A.mid
B minor,IVm7-V7-Im7,Em7-F#7-Bm7,Drop 2,"Solitary, Melancholic, Patience",Harmonic minor,Dataset/Fundamental_progression/IVm7-V7-Im7/DropTwo/B:Cb.mid
C# minor,IVm7-V7-Im7,F#m7-Ab7-C#m7,Drop 2,"Despair, Wailing, Weeping",Harmonic minor,Dataset/Fundamental_progression/IVm7-V7-Im7/DropTwo/C#:Db.mid
C minor,IVm7-V7-Im7,Fm7-G7-Cm7,Drop 2,"Innocently Sad, Love-Sick",Harmonic minor,Dataset/Fundamental_progression/IVm7-V7-Im7/DropTwo/C:B#.mid
Eb minor,IVm7-V7-Im7,Abm7-Bb7-Ebm7,Drop 2,"Deep Distress, Existential Angst",Harmonic minor,Dataset/Fundamental_progression/IVm7-V7-Im7/DropTwo/D#:Eb.mid
D minor,IVm7-V7-Im7,Gm7-A7-Dm7,Drop 2,"Serious, Pious, Ruminating",Harmonic minor,Dataset/Fundamental_progression/IVm7-V7-Im7/DropTwo/D.mid
E minor,IVm7-V7-Im7,Am7-B7-Em7,Drop 2,"Effeminate, Amorous, Restless",Harmonic minor,Dataset/Fundamental_progression/IVm7-V7-Im7/DropTwo/E:Fb.mid
F# minor,IVm7-V7-Im7,Bm7-C#7-F#m7,Drop 2,"Gloomy, Passionate Resentment",Harmonic minor,Dataset/Fundamental_progression/IVm7-V7-Im7/DropTwo/F#:Gb.mid
F minor,IVm7-V7-Im7,Bbm7-C7-Fm7,Drop 2,"Obscure, Plaintive, Funereal",Harmonic minor,Dataset/Fundamental_progression/IVm7-V7-Im7/DropTwo/F:E#.mid
Ab minor,IVm7-V7-Im7,C#m7-Eb7-Abm7,Drop 2,"Grumbling, Moaning, Wailing",Harmonic minor,Dataset/Fundamental_progression/IVm7-V7-Im7/DropTwo/G#:Ab.mid
G minor,IVm7-V7-Im7,Cm7-D7-Gm7,Drop 2,"Discontent, Uneasiness",Harmonic minor,Dataset/Fundamental_progression/IVm7-V7-Im7/DropTwo/G.mid
Bb minor,IVm7-V7-Im7,Ebm7-F7-Bbm7,Drop 2+4,"Terrible, the Night, Mocking",Harmonic minor,Dataset/Fundamental_progression/IVm7-V7-Im7/DropTwoFour/A#:Bb.mid
A minor,IVm7-V7-Im7,Dm7-E7-Am7,Drop 2+4,"Tender, Plaintive, Pious",Harmonic minor,Dataset/Fundamental_progression/IVm7-V7-Im7/DropTwoFour/A.mid
B minor,IVm7-V7-Im7,Em7-F#7-Bm7,Drop 2+4,"Solitary, Melancholic, Patience",Harmonic minor,Dataset/Fundamental_progression/IVm7-V7-Im7/DropTwoFour/B:Cb.mid
C# minor,IVm7-V7-Im7,F#m7-Ab7-C#m7,Drop 2+4,"Despair, Wailing, Weeping",Harmonic minor,Dataset/Fundamental_progression/IVm7-V7-Im7/DropTwoFour/C#:Db.mid
C minor,IVm7-V7-Im7,Fm7-G7-Cm7,Drop 2+4,"Innocently Sad, Love-Sick",Harmonic minor,Dataset/Fundamental_progression/IVm7-V7-Im7/DropTwoFour/C:B#.mid
Eb minor,IVm7-V7-Im7,Abm7-Bb7-Ebm7,Drop 2+4,"Deep Distress, Existential Angst",Harmonic minor,Dataset/Fundamental_progression/IVm7-V7-Im7/DropTwoFour/D#:Eb.mid
D minor,IVm7-V7-Im7,Gm7-A7-Dm7,Drop 2+4,"Serious, Pious, Ruminating",Harmonic minor,Dataset/Fundamental_progression/IVm7-V7-Im7/DropTwoFour/D.mid
E minor,IVm7-V7-Im7,Am7-B7-Em7,Drop 2+4,"Effeminate, Amorous, Restless",Harmonic minor,Dataset/Fundamental_progression/IVm7-V7-Im7/DropTwoFour/E:Fb.mid
F# minor,IVm7-V7-Im7,Bm7-C#7-F#m7,Drop 2+4,"Gloomy, Passionate Resentment",Harmonic minor,Dataset/Fundamental_progression/IVm7-V7-Im7/DropTwoFour/F#:Gb.mid
F minor,IVm7-V7-Im7,Bbm7-C7-Fm7,Drop 2+4,"Obscure, Plaintive, Funereal",Harmonic minor,Dataset/Fundamental_progression/IVm7-V7-Im7/DropTwoFour/F:E#.mid
Ab minor,IVm7-V7-Im7,C#m7-Eb7-Abm7,Drop 2+4,"Grumbling, Moaning, Wailing",Harmonic minor,Dataset/Fundamental_progression/IVm7-V7-Im7/DropTwoFour/G#:Ab.mid
G minor,IVm7-V7-Im7,Cm7-D7-Gm7,Drop 2+4,"Discontent, Uneasiness",Harmonic minor,Dataset/Fundamental_progression/IVm7-V7-Im7/DropTwoFour/G.mid
Bb minor,IVm7-V7-Im7,Ebm7-F7-Bbm7,Drop 3,"Terrible, the Night, Mocking",Harmonic minor,Dataset/Fundamental_progression/IVm7-V7-Im7/DropThree/A#:Bb.mid
A minor,IVm7-V7-Im7,Dm7-E7-Am7,Drop 3,"Tender, Plaintive, Pious",Harmonic minor,Dataset/Fundamental_progression/IVm7-V7-Im7/DropThree/A.mid
B minor,IVm7-V7-Im7,Em7-F#7-Bm7,Drop 3,"Solitary, Melancholic, Patience",Harmonic minor,Dataset/Fundamental_progression/IVm7-V7-Im7/DropThree/B:Cb.mid
C# minor,IVm7-V7-Im7,F#m7-Ab7-C#m7,Drop 3,"Despair, Wailing, Weeping",Harmonic minor,Dataset/Fundamental_progression/IVm7-V7-Im7/DropThree/C#:Db.mid
C minor,IVm7-V7-Im7,Fm7-G7-Cm7,Drop 3,"Innocently Sad, Love-Sick",Harmonic minor,Dataset/Fundamental_progression/IVm7-V7-Im7/DropThree/C:B#.mid
Eb minor,IVm7-V7-Im7,Abm7-Bb7-Ebm7,Drop 3,"Deep Distress, Existential Angst",Harmonic minor,Dataset/Fundamental_progression/IVm7-V7-Im7/DropThree/D#:Eb.mid
D minor,IVm7-V7-Im7,Gm7-A7-Dm7,Drop 3,"Serious, Pious, Ruminating",Harmonic minor,Dataset/Fundamental_progression/IVm7-V7-Im7/DropThree/D.mid
E minor,IVm7-V7-Im7,Am7-B7-Em7,Drop 3,"Effeminate, Amorous, Restless",Harmonic minor,Dataset/Fundamental_progression/IVm7-V7-Im7/DropThree/E:Fb.mid
F# minor,IVm7-V7-Im7,Bm7-C#7-F#m7,Drop 3,"Gloomy, Passionate Resentment",Harmonic minor,Dataset/Fundamental_progression/IVm7-V7-Im7/DropThree/F#:Gb.mid
F minor,IVm7-V7-Im7,Bbm7-C7-Fm7,Drop 3,"Obscure, Plaintive, Funereal",Harmonic minor,Dataset/Fundamental_progression/IVm7-V7-Im7/DropThree/F:E#.mid
Ab minor,IVm7-V7-Im7,C#m7-Eb7-Abm7,Drop 3,"Grumbling, Moaning, Wailing",Harmonic minor,Dataset/Fundamental_progression/IVm7-V7-Im7/DropThree/G#:Ab.mid
G minor,IVm7-V7-Im7,Cm7-D7-Gm7,Drop 3,"Discontent, Uneasiness",Harmonic minor,Dataset/Fundamental_progression/IVm7-V7-Im7/DropThree/G.mid
Bb,IVm7-bVII7-Imaj7,Ebm7-Ab7-Bbmaj7,Four-Way Close,"Joyful, Quaint, Cheerful",Ionian,Dataset/Fundamental_progression/IVm7-bVII7-Imaj7/FourWayClose/A#:Bb.mid
A,IVm7-bVII7-Imaj7,Dm7-G7-Amaj7,Four-Way Close,"Joyful, Pastoral, Declaration of Love",Ionian,Dataset/Fundamental_progression/IVm7-bVII7-Imaj7/FourWayClose/A.mid
B,IVm7-bVII7-Imaj7,Em7-A7-Bmaj7,Four-Way Close,"Harsh, Strong, Wild, Rage",Ionian,Dataset/Fundamental_progression/IVm7-bVII7-Imaj7/FourWayClose/B:Cb.mid
Db,IVm7-bVII7-Imaj7,F#m7-B7-Dbmaj7,Four-Way Close,"Grief, Depressive",Ionian,Dataset/Fundamental_progression/IVm7-bVII7-Imaj7/FourWayClose/C#:Db.mid
C,IVm7-bVII7-Imaj7,Fm7-Bb7-Cmaj7,Four-Way Close,Innocently Happy,Ionian,Dataset/Fundamental_progression/IVm7-bVII7-Imaj7/FourWayClose/C:B#.mid
Eb,IVm7-bVII7-Imaj7,Abm7-Db7-Ebmaj7,Four-Way Close,"Cruel, Hard, Yet Full of Devotion",Ionian,Dataset/Fundamental_progression/IVm7-bVII7-Imaj7/FourWayClose/D#:Eb.mid
D,IVm7-bVII7-Imaj7,Gm7-C7-Dmaj7,Four-Way Close,"Triumphant, Victorious War-Cries",Ionian,Dataset/Fundamental_progression/IVm7-bVII7-Imaj7/FourWayClose/D.mid
E,IVm7-bVII7-Imaj7,Am7-D7-Emaj7,Four-Way Close,"Quarrelsome, Boisterous, Incomplete Pleasure",Ionian,Dataset/Fundamental_progression/IVm7-bVII7-Imaj7/FourWayClose/E:Fb.mid
F#,IVm7-bVII7-Imaj7,Bm7-E7-F#maj7,Four-Way Close,"Conquering Difficulties, Sighs of Relief",Ionian,Dataset/Fundamental_progression/IVm7-bVII7-Imaj7/FourWayClose/F#:Gb.mid
F,IVm7-bVII7-Imaj7,Bbm7-Eb7-Fmaj7,Four-Way Close,"Furious, Quick-Tempered, Passing Regret",Ionian,Dataset/Fundamental_progression/IVm7-bVII7-Imaj7/FourWayClose/F:E#.mid
Ab,IVm7-bVII7-Imaj7,Dbm7-F#7-Abmaj7,Four-Way Close,"Death, Eternity, Judgement",Ionian,Dataset/Fundamental_progression/IVm7-bVII7-Imaj7/FourWayClose/G#:Ab.mid
G,IVm7-bVII7-Imaj7,Cm7-F7-Gmaj7,Four-Way Close,"Serious, Magnificent, Fantasy",Ionian,Dataset/Fundamental_progression/IVm7-bVII7-Imaj7/FourWayClose/G.mid
Bb,IVm7-bVII7-Imaj7,Ebm7-Ab7-Bbmaj7,Drop 2,"Joyful, Quaint, Cheerful",Ionian,Dataset/Fundamental_progression/IVm7-bVII7-Imaj7/DropTwo/A#:Bb.mid
A,IVm7-bVII7-Imaj7,Dm7-G7-Amaj7,Drop 2,"Joyful, Pastoral, Declaration of Love",Ionian,Dataset/Fundamental_progression/IVm7-bVII7-Imaj7/DropTwo/A.mid
B,IVm7-bVII7-Imaj7,Em7-A7-Bmaj7,Drop 2,"Harsh, Strong, Wild, Rage",Ionian,Dataset/Fundamental_progression/IVm7-bVII7-Imaj7/DropTwo/B:Cb.mid
Db,IVm7-bVII7-Imaj7,F#m7-B7-Dbmaj7,Drop 2,"Grief, Depressive",Ionian,Dataset/Fundamental_progression/IVm7-bVII7-Imaj7/DropTwo/C#:Db.mid
C,IVm7-bVII7-Imaj7,Fm7-Bb7-Cmaj7,Drop 2,Innocently Happy,Ionian,Dataset/Fundamental_progression/IVm7-bVII7-Imaj7/DropTwo/C:B#.mid
Eb,IVm7-bVII7-Imaj7,Abm7-Db7-Ebmaj7,Drop 2,"Cruel, Hard, Yet Full of Devotion",Ionian,Dataset/Fundamental_progression/IVm7-bVII7-Imaj7/DropTwo/D#:Eb.mid
D,IVm7-bVII7-Imaj7,Gm7-C7-Dmaj7,Drop 2,"Triumphant, Victorious War-Cries",Ionian,Dataset/Fundamental_progression/IVm7-bVII7-Imaj7/DropTwo/D.mid
E,IVm7-bVII7-Imaj7,Am7-D7-Emaj7,Drop 2,"Quarrelsome, Boisterous, Incomplete Pleasure",Ionian,Dataset/Fundamental_progression/IVm7-bVII7-Imaj7/DropTwo/E:Fb.mid
F#,IVm7-bVII7-Imaj7,Bm7-E7-F#maj7,Drop 2,"Conquering Difficulties, Sighs of Relief",Ionian,Dataset/Fundamental_progression/IVm7-bVII7-Imaj7/DropTwo/F#:Gb.mid
F,IVm7-bVII7-Imaj7,Bbm7-Eb7-Fmaj7,Drop 2,"Furious, Quick-Tempered, Passing Regret",Ionian,Dataset/Fundamental_progression/IVm7-bVII7-Imaj7/DropTwo/F:E#.mid
Ab,IVm7-bVII7-Imaj7,Dbm7-F#7-Abmaj7,Drop 2,"Death, Eternity, Judgement",Ionian,Dataset/Fundamental_progression/IVm7-bVII7-Imaj7/DropTwo/G#:Ab.mid
G,IVm7-bVII7-Imaj7,Cm7-F7-Gmaj7,Drop 2,"Serious, Magnificent, Fantasy",Ionian,Dataset/Fundamental_progression/IVm7-bVII7-Imaj7/DropTwo/G.mid
Bb,IVm7-bVII7-Imaj7,Ebm7-Ab7-Bbmaj7,Drop 2+4,"Joyful, Quaint, Cheerful",Ionian,Dataset/Fundamental_progression/IVm7-bVII7-Imaj7/DropTwoFour/A#:Bb.mid
A,IVm7-bVII7-Imaj7,Dm7-G7-Amaj7,Drop 2+4,"Joyful, Pastoral, Declaration of Love",Ionian,Dataset/Fundamental_progression/IVm7-bVII7-Imaj7/DropTwoFour/A.mid
B,IVm7-bVII7-Imaj7,Em7-A7-Bmaj7,Drop 2+4,"Harsh, Strong, Wild, Rage",Ionian,Dataset/Fundamental_progression/IVm7-bVII7-Imaj7/DropTwoFour/B:Cb.mid
Db,IVm7-bVII7-Imaj7,F#m7-B7-Dbmaj7,Drop 2+4,"Grief, Depressive",Ionian,Dataset/Fundamental_progression/IVm7-bVII7-Imaj7/DropTwoFour/C#:Db.mid
C,IVm7-bVII7-Imaj7,Fm7-Bb7-Cmaj7,Drop 2+4,Innocently Happy,Ionian,Dataset/Fundamental_progression/IVm7-bVII7-Imaj7/DropTwoFour/C:B#.mid
Eb,IVm7-bVII7-Imaj7,Abm7-Db7-Ebmaj7,Drop 2+4,"Cruel, Hard, Yet Full of Devotion",Ionian,Dataset/Fundamental_progression/IVm7-bVII7-Imaj7/DropTwoFour/D#:Eb.mid
D,IVm7-bVII7-Imaj7,Gm7-C7-Dmaj7,Drop 2+4,"Triumphant, Victorious War-Cries",Ionian,Dataset/Fundamental_progression/IVm7-bVII7-Imaj7/DropTwoFour/D.mid
E,IVm7-bVII7-Imaj7,Am7-D7-Emaj7,Drop 2+4,"Quarrelsome, Boisterous, Incomplete Pleasure",Ionian,Dataset/Fundamental_progression/IVm7-bVII7-Imaj7/DropTwoFour/E:Fb.mid
F#,IVm7-bVII7-Imaj7,Bm7-E7-F#maj7,Drop 2+4,"Conquering Difficulties, Sighs of Relief",Ionian,Dataset/Fundamental_progression/IVm7-bVII7-Imaj7/DropTwoFour/F#:Gb.mid
F,IVm7-bVII7-Imaj7,Bbm7-Eb7-Fmaj7,Drop 2+4,"Furious, Quick-Tempered, Passing Regret",Ionian,Dataset/Fundamental_progression/IVm7-bVII7-Imaj7/DropTwoFour/F:E#.mid
Ab,IVm7-bVII7-Imaj7,Dbm7-F#7-Abmaj7,Drop 2+4,"Death, Eternity, Judgement",Ionian,Dataset/Fundamental_progression/IVm7-bVII7-Imaj7/DropTwoFour/G#:Ab.mid
G,IVm7-bVII7-Imaj7,Cm7-F7-Gmaj7,Drop 2+4,"Serious, Magnificent, Fantasy",Ionian,Dataset/Fundamental_progression/IVm7-bVII7-Imaj7/DropTwoFour/G.mid
Bb,IVm7-bVII7-Imaj7,Ebm7-Ab7-Bbmaj7,Drop 3,"Joyful, Quaint, Cheerful",Ionian,Dataset/Fundamental_progression/IVm7-bVII7-Imaj7/DropThree/A#:Bb.mid
A,IVm7-bVII7-Imaj7,Dm7-G7-Amaj7,Drop 3,"Joyful, Pastoral, Declaration of Love",Ionian,Dataset/Fundamental_progression/IVm7-bVII7-Imaj7/DropThree/A.mid
B,IVm7-bVII7-Imaj7,Em7-A7-Bmaj7,Drop 3,"Harsh, Strong, Wild, Rage",Ionian,Dataset/Fundamental_progression/IVm7-bVII7-Imaj7/DropThree/B:Cb.mid
Db,IVm7-bVII7-Imaj7,F#m7-B7-Dbmaj7,Drop 3,"Grief, Depressive",Ionian,Dataset/Fundamental_progression/IVm7-bVII7-Imaj7/DropThree/C#:Db.mid
C,IVm7-bVII7-Imaj7,Fm7-Bb7-Cmaj7,Drop 3,Innocently Happy,Ionian,Dataset/Fundamental_progression/IVm7-bVII7-Imaj7/DropThree/C:B#.mid
Eb,IVm7-bVII7-Imaj7,Abm7-Db7-Ebmaj7,Drop 3,"Cruel, Hard, Yet Full of Devotion",Ionian,Dataset/Fundamental_progression/IVm7-bVII7-Imaj7/DropThree/D#:Eb.mid
D,IVm7-bVII7-Imaj7,Gm7-C7-Dmaj7,Drop 3,"Triumphant, Victorious War-Cries",Ionian,Dataset/Fundamental_progression/IVm7-bVII7-Imaj7/DropThree/D.mid
E,IVm7-bVII7-Imaj7,Am7-D7-Emaj7,Drop 3,"Quarrelsome, Boisterous, Incomplete Pleasure",Ionian,Dataset/Fundamental_progression/IVm7-bVII7-Imaj7/DropThree/E:Fb.mid
F#,IVm7-bVII7-Imaj7,Bm7-E7-F#maj7,Drop 3,"Conquering Difficulties, Sighs of Relief",Ionian,Dataset/Fundamental_progression/IVm7-bVII7-Imaj7/DropThree/F#:Gb.mid
F,IVm7-bVII7-Imaj7,Bbm7-Eb7-Fmaj7,Drop 3,"Furious, Quick-Tempered, Passing Regret",Ionian,Dataset/Fundamental_progression/IVm7-bVII7-Imaj7/DropThree/F:E#.mid
Ab,IVm7-bVII7-Imaj7,Dbm7-F#7-Abmaj7,Drop 3,"Death, Eternity, Judgement",Ionian,Dataset/Fundamental_progression/IVm7-bVII7-Imaj7/DropThree/G#:Ab.mid
G,IVm7-bVII7-Imaj7,Cm7-F7-Gmaj7,Drop 3,"Serious, Magnificent, Fantasy",Ionian,Dataset/Fundamental_progression/IVm7-bVII7-Imaj7/DropThree/G.mid
Bb,IVmaj7-IVm6-Imaj7,Ebmaj7-Ebm6-Bbmaj7,Four-Way Close,"Joyful, Quaint, Cheerful",Ionian,Dataset/Fundamental_progression/IVmaj7 - IVm6 - Imaj7/FourWayClose/A#:Bb.mid
A,IVmaj7-IVm6-Imaj7,Dmaj7-Dm6-Amaj7,Four-Way Close,"Joyful, Pastoral, Declaration of Love",Ionian,Dataset/Fundamental_progression/IVmaj7 - IVm6 - Imaj7/FourWayClose/A.mid
B,IVmaj7-IVm6-Imaj7,Emaj7-Em6-Bmaj7,Four-Way Close,"Harsh, Strong, Wild, Rage",Ionian,Dataset/Fundamental_progression/IVmaj7 - IVm6 - Imaj7/FourWayClose/B:Cb.mid
Db,IVmaj7-IVm6-Imaj7,F#maj7-F#m6-Dbmaj7,Four-Way Close,"Grief, Depressive",Ionian,Dataset/Fundamental_progression/IVmaj7 - IVm6 - Imaj7/FourWayClose/C#:Db.mid
C,IVmaj7-IVm6-Imaj7,Fmaj7-Fm6-Cmaj7,Four-Way Close,Innocently Happy,Ionian,Dataset/Fundamental_progression/IVmaj7 - IVm6 - Imaj7/FourWayClose/C:B#.mid
Eb,IVmaj7-IVm6-Imaj7,Abmaj7-Abm6-Ebmaj7,Four-Way Close,"Cruel, Hard, Yet Full of Devotion",Ionian,Dataset/Fundamental_progression/IVmaj7 - IVm6 - Imaj7/FourWayClose/D#:Eb.mid
D,IVmaj7-IVm6-Imaj7,Gmaj7-Gm6-Dmaj7,Four-Way Close,"Triumphant, Victorious War-Cries",Ionian,Dataset/Fundamental_progression/IVmaj7 - IVm6 - Imaj7/FourWayClose/D.mid
E,IVmaj7-IVm6-Imaj7,Amaj7-Am6-Emaj7,Four-Way Close,"Quarrelsome, Boisterous, Incomplete Pleasure",Ionian,Dataset/Fundamental_progression/IVmaj7 - IVm6 - Imaj7/FourWayClose/E:Fb.mid
F#,IVmaj7-IVm6-Imaj7,Bmaj7-Bm6-F#maj7,Four-Way Close,"Conquering Difficulties, Sighs of Relief",Ionian,Dataset/Fundamental_progression/IVmaj7 - IVm6 - Imaj7/FourWayClose/F#:Gb.mid
F,IVmaj7-IVm6-Imaj7,Bbmaj7-Bbm6-Fmaj7,Four-Way Close,"Furious, Quick-Tempered, Passing Regret",Ionian,Dataset/Fundamental_progression/IVmaj7 - IVm6 - Imaj7/FourWayClose/F:E#.mid
Ab,IVmaj7-IVm6-Imaj7,Dbmaj7-Dbm6-Abmaj7,Four-Way Close,"Death, Eternity, Judgement",Ionian,Dataset/Fundamental_progression/IVmaj7 - IVm6 - Imaj7/FourWayClose/G#:Ab.mid
G,IVmaj7-IVm6-Imaj7,Cmaj7-Cm6-Gmaj7,Four-Way Close,"Serious, Magnificent, Fantasy",Ionian,Dataset/Fundamental_progression/IVmaj7 - IVm6 - Imaj7/FourWayClose/G.mid
Bb,IVmaj7-IVm6-Imaj7,Ebmaj7-Ebm6-Bbmaj7,Drop 2,"Joyful, Quaint, Cheerful",Ionian,Dataset/Fundamental_progression/IVmaj7 - IVm6 - Imaj7/DropTwo/A#:Bb.mid
A,IVmaj7-IVm6-Imaj7,Dmaj7-Dm6-Amaj7,Drop 2,"Joyful, Pastoral, Declaration of Love",Ionian,Dataset/Fundamental_progression/IVmaj7 - IVm6 - Imaj7/DropTwo/A.mid
B,IVmaj7-IVm6-Imaj7,Emaj7-Em6-Bmaj7,Drop 2,"Harsh, Strong, Wild, Rage",Ionian,Dataset/Fundamental_progression/IVmaj7 - IVm6 - Imaj7/DropTwo/B:Cb.mid
Db,IVmaj7-IVm6-Imaj7,F#maj7-F#m6-Dbmaj7,Drop 2,"Grief, Depressive",Ionian,Dataset/Fundamental_progression/IVmaj7 - IVm6 - Imaj7/DropTwo/C#:Db.mid
C,IVmaj7-IVm6-Imaj7,Fmaj7-Fm6-Cmaj7,Drop 2,Innocently Happy,Ionian,Dataset/Fundamental_progression/IVmaj7 - IVm6 - Imaj7/DropTwo/C:B#.mid
Eb,IVmaj7-IVm6-Imaj7,Abmaj7-Abm6-Ebmaj7,Drop 2,"Cruel, Hard, Yet Full of Devotion",Ionian,Dataset/Fundamental_progression/IVmaj7 - IVm6 - Imaj7/DropTwo/D#:Eb.mid
D,IVmaj7-IVm6-Imaj7,Gmaj7-Gm6-Dmaj7,Drop 2,"Triumphant, Victorious War-Cries",Ionian,Dataset/Fundamental_progression/IVmaj7 - IVm6 - Imaj7/DropTwo/D.mid
E,IVmaj7-IVm6-Imaj7,Amaj7-Am6-Emaj7,Drop 2,"Quarrelsome, Boisterous, Incomplete Pleasure",Ionian,Dataset/Fundamental_progression/IVmaj7 - IVm6 - Imaj7/DropTwo/E:Fb.mid
F#,IVmaj7-IVm6-Imaj7,Bmaj7-Bm6-F#maj7,Drop 2,"Conquering Difficulties, Sighs of Relief",Ionian,Dataset/Fundamental_progression/IVmaj7 - IVm6 - Imaj7/DropTwo/F#:Gb.mid
F,IVmaj7-IVm6-Imaj7,Bbmaj7-Bbm6-Fmaj7,Drop 2,"Furious, Quick-Tempered, Passing Regret",Ionian,Dataset/Fundamental_progression/IVmaj7 - IVm6 - Imaj7/DropTwo/F:E#.mid
Ab,IVmaj7-IVm6-Imaj7,Dbmaj7-Dbm6-Abmaj7,Drop 2,"Death, Eternity, Judgement",Ionian,Dataset/Fundamental_progression/IVmaj7 - IVm6 - Imaj7/DropTwo/G#:Ab.mid
G,IVmaj7-IVm6-Imaj7,Cmaj7-Cm6-Gmaj7,Drop 2,"Serious, Magnificent, Fantasy",Ionian,Dataset/Fundamental_progression/IVmaj7 - IVm6 - Imaj7/DropTwo/G.mid
Bb,IVmaj7-IVm6-Imaj7,Ebmaj7-Ebm6-Bbmaj7,Drop 2+4,"Joyful, Quaint, Cheerful",Ionian,Dataset/Fundamental_progression/IVmaj7 - IVm6 - Imaj7/DropTwoFour/A#:Bb.mid
A,IVmaj7-IVm6-Imaj7,Dmaj7-Dm6-Amaj7,Drop 2+4,"Joyful, Pastoral, Declaration of Love",Ionian,Dataset/Fundamental_progression/IVmaj7 - IVm6 - Imaj7/DropTwoFour/A.mid
B,IVmaj7-IVm6-Imaj7,Emaj7-Em6-Bmaj7,Drop 2+4,"Harsh, Strong, Wild, Rage",Ionian,Dataset/Fundamental_progression/IVmaj7 - IVm6 - Imaj7/DropTwoFour/B:Cb.mid
Db,IVmaj7-IVm6-Imaj7,F#maj7-F#m6-Dbmaj7,Drop 2+4,"Grief, Depressive",Ionian,Dataset/Fundamental_progression/IVmaj7 - IVm6 - Imaj7/DropTwoFour/C#:Db.mid
C,IVmaj7-IVm6-Imaj7,Fmaj7-Fm6-Cmaj7,Drop 2+4,Innocently Happy,Ionian,Dataset/Fundamental_progression/IVmaj7 - IVm6 - Imaj7/DropTwoFour/C:B#.mid
Eb,IVmaj7-IVm6-Imaj7,Abmaj7-Abm6-Ebmaj7,Drop 2+4,"Cruel, Hard, Yet Full of Devotion",Ionian,Dataset/Fundamental_progression/IVmaj7 - IVm6 - Imaj7/DropTwoFour/D#:Eb.mid
D,IVmaj7-IVm6-Imaj7,Gmaj7-Gm6-Dmaj7,Drop 2+4,"Triumphant, Victorious War-Cries",Ionian,Dataset/Fundamental_progression/IVmaj7 - IVm6 - Imaj7/DropTwoFour/D.mid
E,IVmaj7-IVm6-Imaj7,Amaj7-Am6-Emaj7,Drop 2+4,"Quarrelsome, Boisterous, Incomplete Pleasure",Ionian,Dataset/Fundamental_progression/IVmaj7 - IVm6 - Imaj7/DropTwoFour/E:Fb.mid
F#,IVmaj7-IVm6-Imaj7,Bmaj7-Bm6-F#maj7,Drop 2+4,"Conquering Difficulties, Sighs of Relief",Ionian,Dataset/Fundamental_progression/IVmaj7 - IVm6 - Imaj7/DropTwoFour/F#:Gb.mid
F,IVmaj7-IVm6-Imaj7,Bbmaj7-Bbm6-Fmaj7,Drop 2+4,"Furious, Quick-Tempered, Passing Regret",Ionian,Dataset/Fundamental_progression/IVmaj7 - IVm6 - Imaj7/DropTwoFour/F:E#.mid
Ab,IVmaj7-IVm6-Imaj7,Dbmaj7-Dbm6-Abmaj7,Drop 2+4,"Death, Eternity, Judgement",Ionian,Dataset/Fundamental_progression/IVmaj7 - IVm6 - Imaj7/DropTwoFour/G#:Ab.mid
G,IVmaj7-IVm6-Imaj7,Cmaj7-Cm6-Gmaj7,Drop 2+4,"Serious, Magnificent, Fantasy",Ionian,Dataset/Fundamental_progression/IVmaj7 - IVm6 - Imaj7/DropTwoFour/G.mid
Bb,IVmaj7-IVm6-Imaj7,Ebmaj7-Ebm6-Bbmaj7,Drop 3,"Joyful, Quaint, Cheerful",Ionian,Dataset/Fundamental_progression/IVmaj7 - IVm6 - Imaj7/DropThree/A#:Bb.mid
A,IVmaj7-IVm6-Imaj7,Dmaj7-Dm6-Amaj7,Drop 3,"Joyful, Pastoral, Declaration of Love",Ionian,Dataset/Fundamental_progression/IVmaj7 - IVm6 - Imaj7/DropThree/A.mid
B,IVmaj7-IVm6-Imaj7,Emaj7-Em6-Bmaj7,Drop 3,"Harsh, Strong, Wild, Rage",Ionian,Dataset/Fundamental_progression/IVmaj7 - IVm6 - Imaj7/DropThree/B:Cb.mid
Db,IVmaj7-IVm6-Imaj7,F#maj7-F#m6-Dbmaj7,Drop 3,"Grief, Depressive",Ionian,Dataset/Fundamental_progression/IVmaj7 - IVm6 - Imaj7/DropThree/C#:Db.mid
C,IVmaj7-IVm6-Imaj7,Fmaj7-Fm6-Cmaj7,Drop 3,Innocently Happy,Ionian,Dataset/Fundamental_progression/IVmaj7 - IVm6 - Imaj7/DropThree/C:B#.mid
Eb,IVmaj7-IVm6-Imaj7,Abmaj7-Abm6-Ebmaj7,Drop 3,"Cruel, Hard, Yet Full of Devotion",Ionian,Dataset/Fundamental_progression/IVmaj7 - IVm6 - Imaj7/DropThree/D#:Eb.mid
D,IVmaj7-IVm6-Imaj7,Gmaj7-Gm6-Dmaj7,Drop 3,"Triumphant, Victorious War-Cries",Ionian,Dataset/Fundamental_progression/IVmaj7 - IVm6 - Imaj7/DropThree/D.mid
E,IVmaj7-IVm6-Imaj7,Amaj7-Am6-Emaj7,Drop 3,"Quarrelsome, Boisterous, Incomplete Pleasure",Ionian,Dataset/Fundamental_progression/IVmaj7 - IVm6 - Imaj7/DropThree/E:Fb.mid
F#,IVmaj7-IVm6-Imaj7,Bmaj7-Bm6-F#maj7,Drop 3,"Conquering Difficulties, Sighs of Relief",Ionian,Dataset/Fundamental_progression/IVmaj7 - IVm6 - Imaj7/DropThree/F#:Gb.mid
F,IVmaj7-IVm6-Imaj7,Bbmaj7-Bbm6-Fmaj7,Drop 3,"Furious, Quick-Tempered, Passing Regret",Ionian,Dataset/Fundamental_progression/IVmaj7 - IVm6 - Imaj7/DropThree/F:E#.mid
Ab,IVmaj7-IVm6-Imaj7,Dbmaj7-Dbm6-Abmaj7,Drop 3,"Death, Eternity, Judgement",Ionian,Dataset/Fundamental_progression/IVmaj7 - IVm6 - Imaj7/DropThree/G#:Ab.mid
G,IVmaj7-IVm6-Imaj7,Cmaj7-Cm6-Gmaj7,Drop 3,"Serious, Magnificent, Fantasy",Ionian,Dataset/Fundamental_progression/IVmaj7 - IVm6 - Imaj7/DropThree/G.mid
Bb,IVmaj7-Imaj7,Ebmaj7-Bbmaj7,Four-Way Close,"Joyful, Quaint, Cheerful",Ionian,Dataset/Fundamental_progression/IVmaj7-Imaj7/FourWayClose/A#:Bb.mid
A,IVmaj7-Imaj7,Dmaj7-Amaj7,Four-Way Close,"Joyful, Pastoral, Declaration of Love",Ionian,Dataset/Fundamental_progression/IVmaj7-Imaj7/FourWayClose/A.mid
B,IVmaj7-Imaj7,Emaj7-Bmaj7,Four-Way Close,"Harsh, Strong, Wild, Rage",Ionian,Dataset/Fundamental_progression/IVmaj7-Imaj7/FourWayClose/B:Cb.mid
Db,IVmaj7-Imaj7,F#maj7-Dbmaj7,Four-Way Close,"Grief, Depressive",Ionian,Dataset/Fundamental_progression/IVmaj7-Imaj7/FourWayClose/C#:Db.mid
C,IVmaj7-Imaj7,Fmaj7-Cmaj7,Four-Way Close,Innocently Happy,Ionian,Dataset/Fundamental_progression/IVmaj7-Imaj7/FourWayClose/C:B#.mid
Eb,IVmaj7-Imaj7,Abmaj7-Ebmaj7,Four-Way Close,"Cruel, Hard, Yet Full of Devotion",Ionian,Dataset/Fundamental_progression/IVmaj7-Imaj7/FourWayClose/D#:Eb.mid
D,IVmaj7-Imaj7,Gmaj7-Dmaj7,Four-Way Close,"Triumphant, Victorious War-Cries",Ionian,Dataset/Fundamental_progression/IVmaj7-Imaj7/FourWayClose/D.mid
E,IVmaj7-Imaj7,Amaj7-Emaj7,Four-Way Close,"Quarrelsome, Boisterous, Incomplete Pleasure",Ionian,Dataset/Fundamental_progression/IVmaj7-Imaj7/FourWayClose/E:Fb.mid
F#,IVmaj7-Imaj7,Bmaj7-F#maj7,Four-Way Close,"Conquering Difficulties, Sighs of Relief",Ionian,Dataset/Fundamental_progression/IVmaj7-Imaj7/FourWayClose/F#:Gb.mid
F,IVmaj7-Imaj7,Bbmaj7-Fmaj7,Four-Way Close,"Furious, Quick-Tempered, Passing Regret",Ionian,Dataset/Fundamental_progression/IVmaj7-Imaj7/FourWayClose/F:E#.mid
Ab,IVmaj7-Imaj7,Dbmaj7-Abmaj7,Four-Way Close,"Death, Eternity, Judgement",Ionian,Dataset/Fundamental_progression/IVmaj7-Imaj7/FourWayClose/G#:Ab.mid
G,IVmaj7-Imaj7,Cmaj7-Gmaj7,Four-Way Close,"Serious, Magnificent, Fantasy",Ionian,Dataset/Fundamental_progression/IVmaj7-Imaj7/FourWayClose/G.mid
Bb,IVmaj7-Imaj7,Ebmaj7-Bbmaj7,Drop 2,"Joyful, Quaint, Cheerful",Ionian,Dataset/Fundamental_progression/IVmaj7-Imaj7/DropTwo/A#:Bb.mid
A,IVmaj7-Imaj7,Dmaj7-Amaj7,Drop 2,"Joyful, Pastoral, Declaration of Love",Ionian,Dataset/Fundamental_progression/IVmaj7-Imaj7/DropTwo/A.mid
B,IVmaj7-Imaj7,Emaj7-Bmaj7,Drop 2,"Harsh, Strong, Wild, Rage",Ionian,Dataset/Fundamental_progression/IVmaj7-Imaj7/DropTwo/B:Cb.mid
Db,IVmaj7-Imaj7,F#maj7-Dbmaj7,Drop 2,"Grief, Depressive",Ionian,Dataset/Fundamental_progression/IVmaj7-Imaj7/DropTwo/C#:Db.mid
C,IVmaj7-Imaj7,Fmaj7-Cmaj7,Drop 2,Innocently Happy,Ionian,Dataset/Fundamental_progression/IVmaj7-Imaj7/DropTwo/C:B#.mid
Eb,IVmaj7-Imaj7,Abmaj7-Ebmaj7,Drop 2,"Cruel, Hard, Yet Full of Devotion",Ionian,Dataset/Fundamental_progression/IVmaj7-Imaj7/DropTwo/D#:Eb.mid
D,IVmaj7-Imaj7,Gmaj7-Dmaj7,Drop 2,"Triumphant, Victorious War-Cries",Ionian,Dataset/Fundamental_progression/IVmaj7-Imaj7/DropTwo/D.mid
E,IVmaj7-Imaj7,Amaj7-Emaj7,Drop 2,"Quarrelsome, Boisterous, Incomplete Pleasure",Ionian,Dataset/Fundamental_progression/IVmaj7-Imaj7/DropTwo/E:Fb.mid
F#,IVmaj7-Imaj7,Bmaj7-F#maj7,Drop 2,"Conquering Difficulties, Sighs of Relief",Ionian,Dataset/Fundamental_progression/IVmaj7-Imaj7/DropTwo/F#:Gb.mid
F,IVmaj7-Imaj7,Bbmaj7-Fmaj7,Drop 2,"Furious, Quick-Tempered, Passing Regret",Ionian,Dataset/Fundamental_progression/IVmaj7-Imaj7/DropTwo/F:E#.mid
Ab,IVmaj7-Imaj7,Dbmaj7-Abmaj7,Drop 2,"Death, Eternity, Judgement",Ionian,Dataset/Fundamental_progression/IVmaj7-Imaj7/DropTwo/G#:Ab.mid
G,IVmaj7-Imaj7,Cmaj7-Gmaj7,Drop 2,"Serious, Magnificent, Fantasy",Ionian,Dataset/Fundamental_progression/IVmaj7-Imaj7/DropTwo/G.mid
Bb,IVmaj7-Imaj7,Ebmaj7-Bbmaj7,Drop 2+4,"Joyful, Quaint, Cheerful",Ionian,Dataset/Fundamental_progression/IVmaj7-Imaj7/DropTwoFour/A#:Bb.mid
A,IVmaj7-Imaj7,Dmaj7-Amaj7,Drop 2+4,"Joyful, Pastoral, Declaration of Love",Ionian,Dataset/Fundamental_progression/IVmaj7-Imaj7/DropTwoFour/A.mid
B,IVmaj7-Imaj7,Emaj7-Bmaj7,Drop 2+4,"Harsh, Strong, Wild, Rage",Ionian,Dataset/Fundamental_progression/IVmaj7-Imaj7/DropTwoFour/B:Cb.mid
Db,IVmaj7-Imaj7,F#maj7-Dbmaj7,Drop 2+4,"Grief, Depressive",Ionian,Dataset/Fundamental_progression/IVmaj7-Imaj7/DropTwoFour/C#:Db.mid
C,IVmaj7-Imaj7,Fmaj7-Cmaj7,Drop 2+4,Innocently Happy,Ionian,Dataset/Fundamental_progression/IVmaj7-Imaj7/DropTwoFour/C:B#.mid
Eb,IVmaj7-Imaj7,Abmaj7-Ebmaj7,Drop 2+4,"Cruel, Hard, Yet Full of Devotion",Ionian,Dataset/Fundamental_progression/IVmaj7-Imaj7/DropTwoFour/D#:Eb.mid
D,IVmaj7-Imaj7,Gmaj7-Dmaj7,Drop 2+4,"Triumphant, Victorious War-Cries",Ionian,Dataset/Fundamental_progression/IVmaj7-Imaj7/DropTwoFour/D.mid
E,IVmaj7-Imaj7,Amaj7-Emaj7,Drop 2+4,"Quarrelsome, Boisterous, Incomplete Pleasure",Ionian,Dataset/Fundamental_progression/IVmaj7-Imaj7/DropTwoFour/E:Fb.mid
F#,IVmaj7-Imaj7,Bmaj7-F#maj7,Drop 2+4,"Conquering Difficulties, Sighs of Relief",Ionian,Dataset/Fundamental_progression/IVmaj7-Imaj7/DropTwoFour/F#:Gb.mid
F,IVmaj7-Imaj7,Bbmaj7-Fmaj7,Drop 2+4,"Furious, Quick-Tempered, Passing Regret",Ionian,Dataset/Fundamental_progression/IVmaj7-Imaj7/DropTwoFour/F:E#.mid
Ab,IVmaj7-Imaj7,Dbmaj7-Abmaj7,Drop 2+4,"Death, Eternity, Judgement",Ionian,Dataset/Fundamental_progression/IVmaj7-Imaj7/DropTwoFour/G#:Ab.mid
G,IVmaj7-Imaj7,Cmaj7-Gmaj7,Drop 2+4,"Serious, Magnificent, Fantasy",Ionian,Dataset/Fundamental_progression/IVmaj7-Imaj7/DropTwoFour/G.mid
Bb,IVmaj7-Imaj7,Ebmaj7-Bbmaj7,Drop 3,"Joyful, Quaint, Cheerful",Ionian,Dataset/Fundamental_progression/IVmaj7-Imaj7/DropThree/A#:Bb.mid
A,IVmaj7-Imaj7,Dmaj7-Amaj7,Drop 3,"Joyful, Pastoral, Declaration of Love",Ionian,Dataset/Fundamental_progression/IVmaj7-Imaj7/DropThree/A.mid
B,IVmaj7-Imaj7,Emaj7-Bmaj7,Drop 3,"Harsh, Strong, Wild, Rage",Ionian,Dataset/Fundamental_progression/IVmaj7-Imaj7/DropThree/B:Cb.mid
Db,IVmaj7-Imaj7,F#maj7-Dbmaj7,Drop 3,"Grief, Depressive",Ionian,Dataset/Fundamental_progression/IVmaj7-Imaj7/DropThree/C#:Db.mid
C,IVmaj7-Imaj7,Fmaj7-Cmaj7,Drop 3,Innocently Happy,Ionian,Dataset/Fundamental_progression/IVmaj7-Imaj7/DropThree/C:B#.mid
Eb,IVmaj7-Imaj7,Abmaj7-Ebmaj7,Drop 3,"Cruel, Hard, Yet Full of Devotion",Ionian,Dataset/Fundamental_progression/IVmaj7-Imaj7/DropThree/D#:Eb.mid
D,IVmaj7-Imaj7,Gmaj7-Dmaj7,Drop 3,"Triumphant, Victorious War-Cries",Ionian,Dataset/Fundamental_progression/IVmaj7-Imaj7/DropThree/D.mid
E,IVmaj7-Imaj7,Amaj7-Emaj7,Drop 3,"Quarrelsome, Boisterous, Incomplete Pleasure",Ionian,Dataset/Fundamental_progression/IVmaj7-Imaj7/DropThree/E:Fb.mid
F#,IVmaj7-Imaj7,Bmaj7-F#maj7,Drop 3,"Conquering Difficulties, Sighs of Relief",Ionian,Dataset/Fundamental_progression/IVmaj7-Imaj7/DropThree/F#:Gb.mid
F,IVmaj7-Imaj7,Bbmaj7-Fmaj7,Drop 3,"Furious, Quick-Tempered, Passing Regret",Ionian,Dataset/Fundamental_progression/IVmaj7-Imaj7/DropThree/F:E#.mid
Ab,IVmaj7-Imaj7,Dbmaj7-Abmaj7,Drop 3,"Death, Eternity, Judgement",Ionian,Dataset/Fundamental_progression/IVmaj7-Imaj7/DropThree/G#:Ab.mid
G,IVmaj7-Imaj7,Cmaj7-Gmaj7,Drop 3,"Serious, Magnificent, Fantasy",Ionian,Dataset/Fundamental_progression/IVmaj7-Imaj7/DropThree/G.mid
A,IVmaj7-V7-Imaj7,Dmaj7-E7-Amaj7,Four-Way Close,"Joyful, Pastoral, Declaration of Love",Ionian,Dataset/Fundamental_progression/IVmaj7-V7-Imaj7/FourWayClose/A.mid
Ab,IVmaj7-V7-Imaj7,Dbmaj7-Eb7-Abmaj7,Four-Way Close,"Death, Eternity, Judgement",Ionian,Dataset/Fundamental_progression/IVmaj7-V7-Imaj7/FourWayClose/Ab:G#.mid
B,IVmaj7-V7-Imaj7,Emaj7-F#7-Bmaj7,Four-Way Close,"Harsh, Strong, Wild, Rage",Ionian,Dataset/Fundamental_progression/IVmaj7-V7-Imaj7/FourWayClose/B:Cb.mid
Bb,IVmaj7-V7-Imaj7,Ebmaj7-F7-Bbmaj7,Four-Way Close,"Joyful, Quaint, Cheerful",Ionian,Dataset/Fundamental_progression/IVmaj7-V7-Imaj7/FourWayClose/Bb:A#.mid
Db,IVmaj7-V7-Imaj7,F#maj7-Ab7-Dbmaj7,Four-Way Close,"Grief, Depressive",Ionian,Dataset/Fundamental_progression/IVmaj7-V7-Imaj7/FourWayClose/C#:Db.mid
C,IVmaj7-V7-Imaj7,Fmaj7-G7-Cmaj7,Four-Way Close,Innocently Happy,Ionian,Dataset/Fundamental_progression/IVmaj7-V7-Imaj7/FourWayClose/C:B#.mid
D,IVmaj7-V7-Imaj7,Gmaj7-A7-Dmaj7,Four-Way Close,"Triumphant, Victorious War-Cries",Ionian,Dataset/Fundamental_progression/IVmaj7-V7-Imaj7/FourWayClose/D.mid
E,IVmaj7-V7-Imaj7,Amaj7-B7-Emaj7,Four-Way Close,"Quarrelsome, Boisterous, Incomplete Pleasure",Ionian,Dataset/Fundamental_progression/IVmaj7-V7-Imaj7/FourWayClose/E:Fb.mid
Eb,IVmaj7-V7-Imaj7,Abmaj7-Bb7-Ebmaj7,Four-Way Close,"Cruel, Hard, Yet Full of Devotion",Ionian,Dataset/Fundamental_progression/IVmaj7-V7-Imaj7/FourWayClose/Eb:D#.mid
F,IVmaj7-V7-Imaj7,Bbmaj7-C7-Fmaj7,Four-Way Close,"Furious, Quick-Tempered, Passing Regret",Ionian,Dataset/Fundamental_progression/IVmaj7-V7-Imaj7/FourWayClose/F:E#.mid
G,IVmaj7-V7-Imaj7,Cmaj7-D7-Gmaj7,Four-Way Close,"Serious, Magnificent, Fantasy",Ionian,Dataset/Fundamental_progression/IVmaj7-V7-Imaj7/FourWayClose/G.mid
F#,IVmaj7-V7-Imaj7,Bmaj7-Db7-F#maj7,Four-Way Close,"Conquering Difficulties, Sighs of Relief",Ionian,Dataset/Fundamental_progression/IVmaj7-V7-Imaj7/FourWayClose/Gb:F#.mid
Bb,IVmaj7-V7-Imaj7,Ebmaj7-F7-Bbmaj7,Drop 2,"Joyful, Quaint, Cheerful",Ionian,Dataset/Fundamental_progression/IVmaj7-V7-Imaj7/DropTwo/A#:Bb.mid
A,IVmaj7-V7-Imaj7,Dmaj7-E7-Amaj7,Drop 2,"Joyful, Pastoral, Declaration of Love",Ionian,Dataset/Fundamental_progression/IVmaj7-V7-Imaj7/DropTwo/A.mid
B,IVmaj7-V7-Imaj7,Emaj7-F#7-Bmaj7,Drop 2,"Harsh, Strong, Wild, Rage",Ionian,Dataset/Fundamental_progression/IVmaj7-V7-Imaj7/DropTwo/B:Cb.mid
Db,IVmaj7-V7-Imaj7,F#maj7-Ab7-Dbmaj7,Drop 2,"Grief, Depressive",Ionian,Dataset/Fundamental_progression/IVmaj7-V7-Imaj7/DropTwo/C#:Db.mid
C,IVmaj7-V7-Imaj7,Fmaj7-G7-Cmaj7,Drop 2,Innocently Happy,Ionian,Dataset/Fundamental_progression/IVmaj7-V7-Imaj7/DropTwo/C:B#.mid
Eb,IVmaj7-V7-Imaj7,Abmaj7-Bb7-Ebmaj7,Drop 2,"Cruel, Hard, Yet Full of Devotion",Ionian,Dataset/Fundamental_progression/IVmaj7-V7-Imaj7/DropTwo/D#:Eb.mid
D,IVmaj7-V7-Imaj7,Gmaj7-A7-Dmaj7,Drop 2,"Triumphant, Victorious War-Cries",Ionian,Dataset/Fundamental_progression/IVmaj7-V7-Imaj7/DropTwo/D.mid
E,IVmaj7-V7-Imaj7,Amaj7-B7-Emaj7,Drop 2,"Quarrelsome, Boisterous, Incomplete Pleasure",Ionian,Dataset/Fundamental_progression/IVmaj7-V7-Imaj7/DropTwo/E:Fb.mid
F#,IVmaj7-V7-Imaj7,Bmaj7-Db7-F#maj7,Drop 2,"Conquering Difficulties, Sighs of Relief",Ionian,Dataset/Fundamental_progression/IVmaj7-V7-Imaj7/DropTwo/F#:Gb.mid
F,IVmaj7-V7-Imaj7,Bbmaj7-C7-Fmaj7,Drop 2,"Furious, Quick-Tempered, Passing Regret",Ionian,Dataset/Fundamental_progression/IVmaj7-V7-Imaj7/DropTwo/F:E#.mid
Ab,IVmaj7-V7-Imaj7,Dbmaj7-Eb7-Abmaj7,Drop 2,"Death, Eternity, Judgement",Ionian,Dataset/Fundamental_progression/IVmaj7-V7-Imaj7/DropTwo/G#:Ab.mid
G,IVmaj7-V7-Imaj7,Cmaj7-D7-Gmaj7,Drop 2,"Serious, Magnificent, Fantasy",Ionian,Dataset/Fundamental_progression/IVmaj7-V7-Imaj7/DropTwo/G.mid
Bb,IVmaj7-V7-Imaj7,Ebmaj7-F7-Bbmaj7,Drop 2+4,"Joyful, Quaint, Cheerful",Ionian,Dataset/Fundamental_progression/IVmaj7-V7-Imaj7/DropTwoFour/A#:Bb.mid
A,IVmaj7-V7-Imaj7,Dmaj7-E7-Amaj7,Drop 2+4,"Joyful, Pastoral, Declaration of Love",Ionian,Dataset/Fundamental_progression/IVmaj7-V7-Imaj7/DropTwoFour/A.mid
B,IVmaj7-V7-Imaj7,Emaj7-F#7-Bmaj7,Drop 2+4,"Harsh, Strong, Wild, Rage",Ionian,Dataset/Fundamental_progression/IVmaj7-V7-Imaj7/DropTwoFour/B:Cb.mid
Db,IVmaj7-V7-Imaj7,F#maj7-Ab7-Dbmaj7,Drop 2+4,"Grief, Depressive",Ionian,Dataset/Fundamental_progression/IVmaj7-V7-Imaj7/DropTwoFour/C#:Db.mid
C,IVmaj7-V7-Imaj7,Fmaj7-G7-Cmaj7,Drop 2+4,Innocently Happy,Ionian,Dataset/Fundamental_progression/IVmaj7-V7-Imaj7/DropTwoFour/C:B#.mid
Eb,IVmaj7-V7-Imaj7,Abmaj7-Bb7-Ebmaj7,Drop 2+4,"Cruel, Hard, Yet Full of Devotion",Ionian,Dataset/Fundamental_progression/IVmaj7-V7-Imaj7/DropTwoFour/D#:Eb.mid
D,IVmaj7-V7-Imaj7,Gmaj7-A7-Dmaj7,Drop 2+4,"Triumphant, Victorious War-Cries",Ionian,Dataset/Fundamental_progression/IVmaj7-V7-Imaj7/DropTwoFour/D.mid
E,IVmaj7-V7-Imaj7,Amaj7-B7-Emaj7,Drop 2+4,"Quarrelsome, Boisterous, Incomplete Pleasure",Ionian,Dataset/Fundamental_progression/IVmaj7-V7-Imaj7/DropTwoFour/E:Fb.mid
F#,IVmaj7-V7-Imaj7,Bmaj7-Db7-F#maj7,Drop 2+4,"Conquering Difficulties, Sighs of Relief",Ionian,Dataset/Fundamental_progression/IVmaj7-V7-Imaj7/DropTwoFour/F#:Gb.mid
F,IVmaj7-V7-Imaj7,Bbmaj7-C7-Fmaj7,Drop 2+4,"Furious, Quick-Tempered, Passing Regret",Ionian,Dataset/Fundamental_progression/IVmaj7-V7-Imaj7/DropTwoFour/F:E#.mid
Ab,IVmaj7-V7-Imaj7,Dbmaj7-Eb7-Abmaj7,Drop 2+4,"Death, Eternity, Judgement",Ionian,Dataset/Fundamental_progression/IVmaj7-V7-Imaj7/DropTwoFour/G#:Ab.mid
G,IVmaj7-V7-Imaj7,Cmaj7-D7-Gmaj7,Drop 2+4,"Serious, Magnificent, Fantasy",Ionian,Dataset/Fundamental_progression/IVmaj7-V7-Imaj7/DropTwoFour/G.mid
Bb,IVmaj7-V7-Imaj7,Ebmaj7-F7-Bbmaj7,Drop 3,"Joyful, Quaint, Cheerful",Ionian,Dataset/Fundamental_progression/IVmaj7-V7-Imaj7/DropThree/A#:Bb.mid
A,IVmaj7-V7-Imaj7,Dmaj7-E7-Amaj7,Drop 3,"Joyful, Pastoral, Declaration of Love",Ionian,Dataset/Fundamental_progression/IVmaj7-V7-Imaj7/DropThree/A.mid
B,IVmaj7-V7-Imaj7,Emaj7-F#7-Bmaj7,Drop 3,"Harsh, Strong, Wild, Rage",Ionian,Dataset/Fundamental_progression/IVmaj7-V7-Imaj7/DropThree/B:Cb.mid
Db,IVmaj7-V7-Imaj7,F#maj7-Ab7-Dbmaj7,Drop 3,"Grief, Depressive",Ionian,Dataset/Fundamental_progression/IVmaj7-V7-Imaj7/DropThree/C#:Db.mid
C,IVmaj7-V7-Imaj7,Fmaj7-G7-Cmaj7,Drop 3,Innocently Happy,Ionian,Dataset/Fundamental_progression/IVmaj7-V7-Imaj7/DropThree/C:B#.mid
Eb,IVmaj7-V7-Imaj7,Abmaj7-Bb7-Ebmaj7,Drop 3,"Cruel, Hard, Yet Full of Devotion",Ionian,Dataset/Fundamental_progression/IVmaj7-V7-Imaj7/DropThree/D#:Eb.mid
D,IVmaj7-V7-Imaj7,Gmaj7-A7-Dmaj7,Drop 3,"Triumphant, Victorious War-Cries",Ionian,Dataset/Fundamental_progression/IVmaj7-V7-Imaj7/DropThree/D.mid
E,IVmaj7-V7-Imaj7,Amaj7-B7-Emaj7,Drop 3,"Quarrelsome, Boisterous, Incomplete Pleasure",Ionian,Dataset/Fundamental_progression/IVmaj7-V7-Imaj7/DropThree/E:Fb.mid
F#,IVmaj7-V7-Imaj7,Bmaj7-Db7-F#maj7,Drop 3,"Conquering Difficulties, Sighs of Relief",Ionian,Dataset/Fundamental_progression/IVmaj7-V7-Imaj7/DropThree/F#:Gb.mid
F,IVmaj7-V7-Imaj7,Bbmaj7-C7-Fmaj7,Drop 3,"Furious, Quick-Tempered, Passing Regret",Ionian,Dataset/Fundamental_progression/IVmaj7-V7-Imaj7/DropThree/F:E#.mid
Ab,IVmaj7-V7-Imaj7,Dbmaj7-Eb7-Abmaj7,Drop 3,"Death, Eternity, Judgement",Ionian,Dataset/Fundamental_progression/IVmaj7-V7-Imaj7/DropThree/G#:Ab.mid
G,IVmaj7-V7-Imaj7,Cmaj7-D7-Gmaj7,Drop 3,"Serious, Magnificent, Fantasy",Ionian,Dataset/Fundamental_progression/IVmaj7-V7-Imaj7/DropThree/G.mid
Bb,bVImaj7-bVII7-Imaj7,F#maj7-Ab7-Bbmaj7,Four-Way Close,"Joyful, Quaint, Cheerful",Aeolian,Dataset/Fundamental_progression/bVImaj7 - bVII7 - Imaj7/FourWayClose/A#:Bb.mid
A,bVImaj7-bVII7-Imaj7,Fmaj7-G7-Amaj7,Four-Way Close,"Joyful, Pastoral, Declaration of Love",Aeolian,Dataset/Fundamental_progression/bVImaj7 - bVII7 - Imaj7/FourWayClose/A.mid
B,bVImaj7-bVII7-Imaj7,Gmaj7-A7-Bmaj7,Four-Way Close,"Harsh, Strong, Wild, Rage",Aeolian,Dataset/Fundamental_progression/bVImaj7 - bVII7 - Imaj7/FourWayClose/B:Cb.mid
Db,bVImaj7-bVII7-Imaj7,Amaj7-B7-Dbmaj7,Four-Way Close,"Grief, Depressive",Aeolian,Dataset/Fundamental_progression/bVImaj7 - bVII7 - Imaj7/FourWayClose/C#:Db.mid
C,bVImaj7-bVII7-Imaj7,Abmaj7-Bb7-Cmaj7,Four-Way Close,Innocently Happy,Aeolian,Dataset/Fundamental_progression/bVImaj7 - bVII7 - Imaj7/FourWayClose/C:B#.mid
Eb,bVImaj7-bVII7-Imaj7,Bmaj7-Db7-Ebmaj7,Four-Way Close,"Cruel, Hard, Yet Full of Devotion",Aeolian,Dataset/Fundamental_progression/bVImaj7 - bVII7 - Imaj7/FourWayClose/D#:Eb.mid
D,bVImaj7-bVII7-Imaj7,Bbmaj7-C7-Dmaj7,Four-Way Close,"Triumphant, Victorious War-Cries",Aeolian,Dataset/Fundamental_progression/bVImaj7 - bVII7 - Imaj7/FourWayClose/D.mid
E,bVImaj7-bVII7-Imaj7,Cmaj7-D7-Emaj7,Four-Way Close,"Quarrelsome, Boisterous, Incomplete Pleasure",Aeolian,Dataset/Fundamental_progression/bVImaj7 - bVII7 - Imaj7/FourWayClose/E:Fb.mid
F#,bVImaj7-bVII7-Imaj7,Dmaj7-E7-F#maj7,Four-Way Close,"Conquering Difficulties, Sighs of Relief",Aeolian,Dataset/Fundamental_progression/bVImaj7 - bVII7 - Imaj7/FourWayClose/F#:Gb.mid
F,bVImaj7-bVII7-Imaj7,Dbmaj7-Eb7-Fmaj7,Four-Way Close,"Furious, Quick-Tempered, Passing Regret",Aeolian,Dataset/Fundamental_progression/bVImaj7 - bVII7 - Imaj7/FourWayClose/F:E#.mid
Ab,bVImaj7-bVII7-Imaj7,Emaj7-F#7-Abmaj7,Four-Way Close,"Death, Eternity, Judgement",Aeolian,Dataset/Fundamental_progression/bVImaj7 - bVII7 - Imaj7/FourWayClose/G#:Ab.mid
G,bVImaj7-bVII7-Imaj7,Ebmaj7-F7-Gmaj7,Four-Way Close,"Serious, Magnificent, Fantasy",Aeolian,Dataset/Fundamental_progression/bVImaj7 - bVII7 - Imaj7/FourWayClose/G.mid
Bb,bVImaj7-bVII7-Imaj7,F#maj7-Ab7-Bbmaj7,Drop 2,"Joyful, Quaint, Cheerful",Aeolian,Dataset/Fundamental_progression/bVImaj7 - bVII7 - Imaj7/DropTwo/A#:Bb.mid
A,bVImaj7-bVII7-Imaj7,Fmaj7-G7-Amaj7,Drop 2,"Joyful, Pastoral, Declaration of Love",Aeolian,Dataset/Fundamental_progression/bVImaj7 - bVII7 - Imaj7/DropTwo/A.mid
B,bVImaj7-bVII7-Imaj7,Gmaj7-A7-Bmaj7,Drop 2,"Harsh, Strong, Wild, Rage",Aeolian,Dataset/Fundamental_progression/bVImaj7 - bVII7 - Imaj7/DropTwo/B:Cb.mid
Db,bVImaj7-bVII7-Imaj7,Amaj7-B7-Dbmaj7,Drop 2,"Grief, Depressive",Aeolian,Dataset/Fundamental_progression/bVImaj7 - bVII7 - Imaj7/DropTwo/C#:Db.mid
C,bVImaj7-bVII7-Imaj7,Abmaj7-Bb7-Cmaj7,Drop 2,Innocently Happy,Aeolian,Dataset/Fundamental_progression/bVImaj7 - bVII7 - Imaj7/DropTwo/C:B#.mid
Eb,bVImaj7-bVII7-Imaj7,Bmaj7-Db7-Ebmaj7,Drop 2,"Cruel, Hard, Yet Full of Devotion",Aeolian,Dataset/Fundamental_progression/bVImaj7 - bVII7 - Imaj7/DropTwo/D#:Eb.mid
D,bVImaj7-bVII7-Imaj7,Bbmaj7-C7-Dmaj7,Drop 2,"Triumphant, Victorious War-Cries",Aeolian,Dataset/Fundamental_progression/bVImaj7 - bVII7 - Imaj7/DropTwo/D.mid
E,bVImaj7-bVII7-Imaj7,Cmaj7-D7-Emaj7,Drop 2,"Quarrelsome, Boisterous, Incomplete Pleasure",Aeolian,Dataset/Fundamental_progression/bVImaj7 - bVII7 - Imaj7/DropTwo/E:Fb.mid
F#,bVImaj7-bVII7-Imaj7,Dmaj7-E7-F#maj7,Drop 2,"Conquering Difficulties, Sighs of Relief",Aeolian,Dataset/Fundamental_progression/bVImaj7 - bVII7 - Imaj7/DropTwo/F#:Gb.mid
F,bVImaj7-bVII7-Imaj7,Dbmaj7-Eb7-Fmaj7,Drop 2,"Furious, Quick-Tempered, Passing Regret",Aeolian,Dataset/Fundamental_progression/bVImaj7 - bVII7 - Imaj7/DropTwo/F:E#.mid
Ab,bVImaj7-bVII7-Imaj7,Emaj7-F#7-Abmaj7,Drop 2,"Death, Eternity, Judgement",Aeolian,Dataset/Fundamental_progression/bVImaj7 - bVII7 - Imaj7/DropTwo/G#:Ab.mid
G,bVImaj7-bVII7-Imaj7,Ebmaj7-F7-Gmaj7,Drop 2,"Serious, Magnificent, Fantasy",Aeolian,Dataset/Fundamental_progression/bVImaj7 - bVII7 - Imaj7/DropTwo/G.mid
Bb,bVImaj7-bVII7-Imaj7,F#maj7-Ab7-Bbmaj7,Drop 2+4,"Joyful, Quaint, Cheerful",Aeolian,Dataset/Fundamental_progression/bVImaj7 - bVII7 - Imaj7/DropTwoFour/A#:Bb.mid
A,bVImaj7-bVII7-Imaj7,Fmaj7-G7-Amaj7,Drop 2+4,"Joyful, Pastoral, Declaration of Love",Aeolian,Dataset/Fundamental_progression/bVImaj7 - bVII7 - Imaj7/DropTwoFour/A.mid
B,bVImaj7-bVII7-Imaj7,Gmaj7-A7-Bmaj7,Drop 2+4,"Harsh, Strong, Wild, Rage",Aeolian,Dataset/Fundamental_progression/bVImaj7 - bVII7 - Imaj7/DropTwoFour/B:Cb.mid
Db,bVImaj7-bVII7-Imaj7,Amaj7-B7-Dbmaj7,Drop 2+4,"Grief, Depressive",Aeolian,Dataset/Fundamental_progression/bVImaj7 - bVII7 - Imaj7/DropTwoFour/C#:Db.mid
C,bVImaj7-bVII7-Imaj7,Abmaj7-Bb7-Cmaj7,Drop 2+4,Innocently Happy,Aeolian,Dataset/Fundamental_progression/bVImaj7 - bVII7 - Imaj7/DropTwoFour/C:B#.mid
Eb,bVImaj7-bVII7-Imaj7,Bmaj7-Db7-Ebmaj7,Drop 2+4,"Cruel, Hard, Yet Full of Devotion",Aeolian,Dataset/Fundamental_progression/bVImaj7 - bVII7 - Imaj7/DropTwoFour/D#:Eb.mid
D,bVImaj7-bVII7-Imaj7,Bbmaj7-C7-Dmaj7,Drop 2+4,"Triumphant, Victorious War-Cries",Aeolian,Dataset/Fundamental_progression/bVImaj7 - bVII7 - Imaj7/DropTwoFour/D.mid
E,bVImaj7-bVII7-Imaj7,Cmaj7-D7-Emaj7,Drop 2+4,"Quarrelsome, Boisterous, Incomplete Pleasure",Aeolian,Dataset/Fundamental_progression/bVImaj7 - bVII7 - Imaj7/DropTwoFour/E:Fb.mid
F#,bVImaj7-bVII7-Imaj7,Dmaj7-E7-F#maj7,Drop 2+4,"Conquering Difficulties, Sighs of Relief",Aeolian,Dataset/Fundamental_progression/bVImaj7 - bVII7 - Imaj7/DropTwoFour/F#:Gb.mid
F,bVImaj7-bVII7-Imaj7,Dbmaj7-Eb7-Fmaj7,Drop 2+4,"Furious, Quick-Tempered, Passing Regret",Aeolian,Dataset/Fundamental_progression/bVImaj7 - bVII7 - Imaj7/DropTwoFour/F:E#.mid
Ab,bVImaj7-bVII7-Imaj7,Emaj7-F#7-Abmaj7,Drop 2+4,"Death, Eternity, Judgement",Aeolian,Dataset/Fundamental_progression/bVImaj7 - bVII7 - Imaj7/DropTwoFour/G#:Ab.mid
G,bVImaj7-bVII7-Imaj7,Ebmaj7-F7-Gmaj7,Drop 2+4,"Serious, Magnificent, Fantasy",Aeolian,Dataset/Fundamental_progression/bVImaj7 - bVII7 - Imaj7/DropTwoFour/G.mid
Bb,bVImaj7-bVII7-Imaj7,F#maj7-Ab7-Bbmaj7,Drop 3,"Joyful, Quaint, Cheerful",Aeolian,Dataset/Fundamental_progression/bVImaj7 - bVII7 - Imaj7/DropThree/A#:Bb.mid
A,bVImaj7-bVII7-Imaj7,Fmaj7-G7-Amaj7,Drop 3,"Joyful, Pastoral, Declaration of Love",Aeolian,Dataset/Fundamental_progression/bVImaj7 - bVII7 - Imaj7/DropThree/A.mid
B,bVImaj7-bVII7-Imaj7,Gmaj7-A7-Bmaj7,Drop 3,"Harsh, Strong, Wild, Rage",Aeolian,Dataset/Fundamental_progression/bVImaj7 - bVII7 - Imaj7/DropThree/B:Cb.mid
Db,bVImaj7-bVII7-Imaj7,Amaj7-B7-Dbmaj7,Drop 3,"Grief, Depressive",Aeolian,Dataset/Fundamental_progression/bVImaj7 - bVII7 - Imaj7/DropThree/C#:Db.mid
C,bVImaj7-bVII7-Imaj7,Abmaj7-Bb7-Cmaj7,Drop 3,Innocently Happy,Aeolian,Dataset/Fundamental_progression/bVImaj7 - bVII7 - Imaj7/DropThree/C:B#.mid
Eb,bVImaj7-bVII7-Imaj7,Bmaj7-Db7-Ebmaj7,Drop 3,"Cruel, Hard, Yet Full of Devotion",Aeolian,Dataset/Fundamental_progression/bVImaj7 - bVII7 - Imaj7/DropThree/D#:Eb.mid
D,bVImaj7-bVII7-Imaj7,Bbmaj7-C7-Dmaj7,Drop 3,"Triumphant, Victorious War-Cries",Aeolian,Dataset/Fundamental_progression/bVImaj7 - bVII7 - Imaj7/DropThree/D.mid
E,bVImaj7-bVII7-Imaj7,Cmaj7-D7-Emaj7,Drop 3,"Quarrelsome, Boisterous, Incomplete Pleasure",Aeolian,Dataset/Fundamental_progression/bVImaj7 - bVII7 - Imaj7/DropThree/E:Fb.mid
F#,bVImaj7-bVII7-Imaj7,Dmaj7-E7-F#maj7,Drop 3,"Conquering Difficulties, Sighs of Relief",Aeolian,Dataset/Fundamental_progression/bVImaj7 - bVII7 - Imaj7/DropThree/F#:Gb.mid
F,bVImaj7-bVII7-Imaj7,Dbmaj7-Eb7-Fmaj7,Drop 3,"Furious, Quick-Tempered, Passing Regret",Aeolian,Dataset/Fundamental_progression/bVImaj7 - bVII7 - Imaj7/DropThree/F:E#.mid
Ab,bVImaj7-bVII7-Imaj7,Emaj7-F#7-Abmaj7,Drop 3,"Death, Eternity, Judgement",Aeolian,Dataset/Fundamental_progression/bVImaj7 - bVII7 - Imaj7/DropThree/G#:Ab.mid
G,bVImaj7-bVII7-Imaj7,Ebmaj7-F7-Gmaj7,Drop 3,"Serious, Magnificent, Fantasy",Aeolian,Dataset/Fundamental_progression/bVImaj7 - bVII7 - Imaj7/DropThree/G.mid
